x_noise,y_noise
0.000000,0.000000
0.000000,0.000000
0.000000,0.000000
0.000000,0.000000
0.000000,0.000000
0.000000,0.000000
0.000000,0.000000
0.000000,0.000000
0.000000,0.000000
0.000000,0.000000
0.000000,0.000000
0.000000,0.000000
0.000000,0.000000
0.000000,0.000000
0.000000,0.000000
0.000000,0.000000
0.000000,0.000000
0.000000,0.000000
0.000000,0.000000
0.000000,0.000000
0.000000,0.000000
0.000000,0.000000
0.000000,0.000000
0.000000,0.000000
0.000000,0.000000
0.000000,0.000000
0.000000,0.000000
0.000000,0.000000
0.000000,0.000000
0.000000,0.000000
0.000000,0.000000
0.000000,0.000000
0.000000,0.000000
0.000000,0.000000
0.000000,0.000000
0.000000,0.000000
0.000000,0.000000
0.000000,0.000000
0.000000,0.000000
0.000000,0.000000
0.000000,0.000000
0.000000,0.000000
0.000000,0.000000
0.000000,0.000000
0.000000,0.000000
0.000000,0.000000
0.000000,0.000000
0.000000,0.000000
0.000000,0.000000
0.000000,0.000000
0.000000,0.000000
0.000000,0.000000
0.000000,0.000000
0.000000,0.000000
0.000000,0.000000
0.000000,0.000000
0.000000,0.000000
0.000000,0.000000
0.000000,0.000000
0.000000,0.000000
0.000000,0.000000
0.000000,0.000000
0.000000,0.000000
0.000000,0.000000
0.000000,0.000000
0.000000,0.000000
0.000000,0.000000
0.000000,0.000000
0.000000,0.000000
0.000000,0.000000
0.000000,0.000000
0.000000,0.000000
0.000000,0.000000
0.000000,0.000000
0.000000,0.000000
0.000000,0.000000
0.000000,0.000000
0.000000,0.000000
0.000000,0.000000
0.000000,0.000000
0.000000,0.000000
0.000000,0.000000
0.000000,0.000000
0.000000,0.000000
0.000000,0.000000
0.000000,0.000000
0.000000,0.000000
0.000000,0.000000
0.000000,0.000000
0.000000,0.000000
0.000000,0.000000
0.000000,0.000000
0.000000,0.000000
0.000000,0.000000
0.000000,0.000000
0.000000,0.000000
0.000000,0.000000
0.000000,0.000000
0.000000,0.000000
0.000000,0.000000
0.000000,0.000000
0.000000,0.000000
0.000000,0.000000
0.000000,0.000000
0.000000,0.000000
0.000000,0.000000
0.000000,0.000000
0.000000,0.000000
0.000000,0.000000
0.000000,0.000000
0.000000,0.000000
0.000000,0.000000
0.000000,0.000000
0.000000,0.000000
0.000000,0.000000
0.000000,0.000000
0.000000,0.000000
0.000000,0.000000
0.000000,0.000000
0.000000,0.000000
0.000000,0.000000
0.000000,0.000000
0.000000,0.000000
0.000000,0.000000
0.000000,0.000000
0.000000,0.000000
0.000000,0.000000
0.000000,0.000000
0.000000,0.000000
0.000000,0.000000
0.000000,0.000000
0.000000,0.000000
0.000000,0.000000
0.000000,0.000000
0.000000,0.000000
0.000000,0.000000
0.000000,0.000000
0.000000,0.000000
0.000000,0.000000
0.000000,0.000000
0.000000,0.000000
0.000000,0.000000
0.000000,0.000000
0.000000,0.000000
0.000000,0.000000
0.000000,0.000000
0.000000,0.000000
0.000000,0.000000
0.000000,0.000000
0.000000,0.000000
0.000000,0.000000
0.000000,0.000000
0.000000,0.000000
0.000000,0.000000
0.000000,0.000000
0.000000,0.000000
0.000000,0.000000
0.000000,0.000000
0.000000,0.000000
0.000000,0.000000
0.000000,0.000000
0.000000,0.000000
0.000000,0.000000
0.000000,0.000000
0.000000,0.000000
0.000000,0.000000
0.000000,0.000000
0.000000,0.000000
0.000000,0.000000
0.000000,0.000000
0.000000,0.000000
0.000000,0.000000
0.000000,0.000000
0.000000,0.000000
0.000000,0.000000
0.000000,0.000000
0.000000,0.000000
0.000000,0.000000
0.000000,0.000000
0.000000,0.000000
0.000000,0.000000
0.000000,0.000000
0.000000,0.000000
0.000000,0.000000
0.000000,0.000000
0.000000,0.000000
0.000000,0.000000
0.000000,0.000000
0.000000,0.000000
0.000000,0.000000
0.000000,0.000000
0.000000,0.000000
0.000000,0.000000
0.000000,0.000000
0.000000,0.000000
0.000000,0.000000
0.000000,0.000000
0.000000,0.000000
0.000000,0.000000
0.000000,0.000000
0.000000,0.000000
0.000000,0.000000
0.000000,0.000000
0.000000,0.000000
0.000000,0.000000
0.000000,0.000000
0.000000,0.000000
0.000000,0.000000
0.000000,0.000000
0.000000,0.000000
0.000000,0.000000
0.000000,0.000000
0.000000,0.000000
0.000000,0.000000
0.000000,0.000000
0.000000,0.000000
0.000000,0.000000
0.000000,0.000000
0.000000,0.000000
0.000000,0.000000
0.000000,0.000000
0.000000,0.000000
0.000000,0.000000
0.000000,0.000000
0.000000,0.000000
0.000000,0.000000
0.000000,0.000000
0.000000,0.000000
0.000000,0.000000
0.000000,0.000000
0.000000,0.000000
0.000000,0.000000
0.000000,0.000000
0.000000,0.000000
0.000000,0.000000
0.000000,0.000000
0.000000,0.000000
0.000000,0.000000
0.000000,0.000000
0.000000,0.000000
0.000000,0.000000
0.000000,0.000000
0.000000,0.000000
0.000000,0.000000
0.000000,0.000000
0.000000,0.000000
0.000000,0.000000
0.000000,0.000000
0.000000,0.000000
0.000000,0.000000
0.000000,0.000000
0.000000,0.000000
0.000000,0.000000
0.000000,0.000000
0.000000,0.000000
0.000000,0.000000
0.000000,0.000000
0.000000,0.000000
0.000000,0.000000
0.000000,0.000000
0.000000,0.000000
0.000000,0.000000
0.000000,0.000000
0.000000,0.000000
0.000000,0.000000
0.000000,0.000000
0.000000,0.000000
0.000000,0.000000
0.000000,0.000000
0.000000,0.000000
0.000000,0.000000
0.000000,0.000000
0.000000,0.000000
0.000000,0.000000
0.000000,0.000000
0.000000,0.000000
0.000000,0.000000
0.000000,0.000000
0.000000,0.000000
0.000000,0.000000
0.000000,0.000000
0.000000,0.000000
0.000000,0.000000
0.000000,0.000000
0.000000,0.000000
0.000000,0.000000
0.000000,0.000000
0.000000,0.000000
0.000000,0.000000
0.000000,0.000000
0.000000,0.000000
0.000000,0.000000
0.000000,0.000000
0.000000,0.000000
0.000000,0.000000
0.000000,0.000000
0.000000,0.000000
0.000000,0.000000
0.000000,0.000000
0.000000,0.000000
0.000000,0.000000
0.000000,0.000000
0.000000,0.000000
0.000000,0.000000
0.000000,0.000000
0.000000,0.000000
0.000000,0.000000
0.000000,0.000000
0.000000,0.000000
0.000000,0.000000
0.000000,0.000000
0.000000,0.000000
0.000000,0.000000
0.000000,0.000000
0.000000,0.000000
0.000000,0.000000
0.000000,0.000000
0.000000,0.000000
0.000000,0.000000
0.000000,0.000000
0.000000,0.000000
0.000000,0.000000
0.000000,0.000000
0.000000,0.000000
0.000000,0.000000
0.000026,0.000062
0.000038,0.001433
-0.000036,0.005274
-0.000205,0.011523
-0.000471,0.020073
-0.000843,0.030764
-0.001325,0.043396
-0.001923,0.057757
-0.002643,0.073652
-0.003489,0.090917
-0.004468,0.109422
-0.005587,0.129063
-0.006853,0.149750
-0.008276,0.171407
-0.009865,0.193967
-0.011632,0.217369
-0.013587,0.241563
-0.015743,0.266501
-0.018114,0.292139
-0.020712,0.318440
-0.023552,0.345368
-0.026647,0.372890
-0.030013,0.400975
-0.033665,0.429595
-0.037618,0.458723
-0.041887,0.488334
-0.045979,0.516455
-0.049680,0.542483
-0.053280,0.567618
-0.056947,0.592522
-0.060541,0.616593
-0.063856,0.639113
-0.066894,0.660230
-0.069717,0.680295
-0.072296,0.699301
-0.074518,0.716950
-0.076308,0.733083
-0.077634,0.747682
-0.078459,0.760714
-0.078721,0.772059
-0.078352,0.781570
-0.077288,0.789116
-0.075468,0.794570
-0.072834,0.797810
-0.069335,0.798727
-0.064935,0.797250
-0.059620,0.793364
-0.053403,0.787127
-0.046327,0.778674
-0.038457,0.768201
-0.029869,0.755935
-0.020639,0.742096
-0.010827,0.726872
-0.000483,0.710409
0.010359,0.692823
0.021667,0.674206
0.033416,0.654636
0.045583,0.634183
0.058146,0.612908
0.071088,0.590861
0.084392,0.568089
0.098043,0.544634
0.112027,0.520531
0.126333,0.495816
0.140947,0.470519
0.155861,0.444667
0.171064,0.418288
0.186547,0.391406
0.202301,0.364043
0.218320,0.336220
0.234596,0.307959
0.251122,0.279277
0.267894,0.250194
0.284905,0.220725
0.302151,0.190889
0.319628,0.160700
0.336480,0.131874
0.352528,0.104629
0.368289,0.077841
0.383980,0.050990
0.399229,0.024880
0.413778,0.000109
0.427825,-0.023695
0.441617,-0.046988
0.455084,-0.069605
0.468013,-0.091132
0.480382,-0.111526
0.492298,-0.130963
0.503781,-0.149482
0.514732,-0.166929
0.525064,-0.183188
0.534750,-0.198239
0.543767,-0.212073
0.552050,-0.224634
0.559509,-0.235839
0.566051,-0.245616
0.571586,-0.253902
0.576009,-0.260631
0.579203,-0.265733
0.581046,-0.269148
0.581419,-0.270831
0.580215,-0.270763
0.577351,-0.268962
0.572786,-0.265494
0.566526,-0.260471
0.558624,-0.254051
0.549170,-0.246416
0.538273,-0.237755
0.526043,-0.228246
0.512568,-0.218040
0.497922,-0.207266
0.482159,-0.196030
0.465324,-0.184427
0.447455,-0.172538
0.428585,-0.160438
0.408744,-0.148196
0.387957,-0.135875
0.366246,-0.123534
0.343631,-0.111228
0.320133,-0.099009
0.295769,-0.086928
0.270557,-0.075032
0.244514,-0.063367
0.217657,-0.051976
0.190004,-0.040903
0.161573,-0.030187
0.134407,-0.019985
0.109167,-0.010288
0.084618,-0.001014
0.060077,0.007862
0.036169,0.016347
0.013660,0.024496
-0.007576,0.032367
-0.027879,0.039999
-0.047233,0.047441
-0.065319,0.054769
-0.081959,0.062051
-0.097118,0.069339
-0.110751,0.076685
-0.122727,0.084153
-0.132890,0.091813
-0.141096,0.099731
-0.147211,0.107971
-0.151105,0.116598
-0.152665,0.125673
-0.151814,0.135246
-0.148536,0.145357
-0.142889,0.156024
-0.135012,0.167247
-0.125107,0.179006
-0.113411,0.191270
-0.100155,0.204007
-0.085537,0.217191
-0.069713,0.230804
-0.052806,0.244834
-0.034916,0.259274
-0.016128,0.274115
0.003481,0.289351
0.023844,0.304978
0.044904,0.320991
0.066608,0.337389
0.088907,0.354169
0.111759,0.371331
0.135124,0.388874
0.158963,0.406798
0.183242,0.425105
0.207929,0.443796
0.232993,0.462872
0.258403,0.482336
0.284133,0.502191
0.310156,0.522440
0.336446,0.543085
0.362978,0.564131
0.389728,0.585581
0.416674,0.607439
0.443792,0.629709
0.469507,0.651261
0.493648,0.671869
0.517259,0.692229
0.540821,0.712649
0.563613,0.732596
0.585108,0.751683
0.605647,0.770173
0.625637,0.788411
0.644939,0.806276
0.663208,0.823448
0.680423,0.839887
0.696738,0.855731
0.712196,0.871006
0.726686,0.885560
0.740131,0.899264
0.752531,0.912076
0.763894,0.923962
0.774197,0.934831
0.783400,0.944558
0.791476,0.953021
0.798406,0.960099
0.804175,0.965658
0.808772,0.969552
0.812197,0.971635
0.814467,0.971766
0.815623,0.969832
0.815731,0.965761
0.814893,0.959536
0.813235,0.951206
0.810902,0.940882
0.808048,0.928712
0.804820,0.914864
0.801349,0.899495
0.797752,0.882737
0.794127,0.864697
0.790558,0.845459
0.787120,0.825095
0.783881,0.803669
0.780903,0.781238
0.778242,0.757853
0.775952,0.733559
0.774083,0.708399
0.772683,0.682414
0.771796,0.655642
0.771467,0.628120
0.771736,0.599886
0.772642,0.570973
0.774223,0.541420
0.776514,0.511261
0.779546,0.480533
0.782509,0.451117
0.785118,0.423593
0.787904,0.396845
0.791174,0.370271
0.794594,0.344425
0.797722,0.319943
0.800561,0.296682
0.803249,0.274320
0.805722,0.252849
0.807741,0.232512
0.809150,0.213424
0.809883,0.195580
0.809868,0.178989
0.808977,0.163727
0.807066,0.149892
0.803999,0.137570
0.799647,0.126839
0.793883,0.117779
0.786586,0.110460
0.777662,0.104930
0.767051,0.101198
0.754747,0.099221
0.740803,0.098900
0.725327,0.100084
0.708459,0.102594
0.690349,0.106245
0.671130,0.110875
0.650907,0.116352
0.629760,0.122571
0.607754,0.129450
0.584942,0.136916
0.561373,0.144907
0.537087,0.153370
0.512121,0.162257
0.486508,0.171525
0.460274,0.181136
0.433447,0.191055
0.406049,0.201249
0.378101,0.211688
0.349621,0.222345
0.320627,0.233193
0.291135,0.244208
0.261159,0.255365
0.230712,0.266643
0.199805,0.278020
0.168451,0.289476
0.136658,0.300990
0.104437,0.312544
0.071797,0.324118
0.038744,0.335695
0.007031,0.346424
-0.023081,0.356207
-0.052725,0.365592
-0.082413,0.374845
-0.111318,0.383615
-0.138829,0.391641
-0.165335,0.399085
-0.191332,0.406125
-0.216652,0.412705
-0.240840,0.418693
-0.263841,0.424090
-0.285843,0.428961
-0.306884,0.433331
-0.326780,0.437185
-0.345375,0.440522
-0.362626,0.443367
-0.378500,0.445746
-0.392903,0.447686
-0.405704,0.449220
-0.416780,0.450388
-0.426011,0.451238
-0.433272,0.451826
-0.438429,0.452220
-0.441356,0.452497
-0.441945,0.452745
-0.440126,0.453056
-0.435883,0.453529
-0.429266,0.454258
-0.420397,0.455327
-0.409453,0.456809
-0.396645,0.458760
-0.382190,0.461226
-0.366286,0.464244
-0.349097,0.467850
-0.330758,0.472076
-0.311382,0.476954
-0.291065,0.482512
-0.269894,0.488774
-0.247949,0.495766
-0.225299,0.503507
-0.202011,0.512020
-0.178144,0.521323
-0.153757,0.531432
-0.128902,0.542365
-0.103632,0.554136
-0.077995,0.566758
-0.052040,0.580241
-0.025812,0.594594
0.000644,0.609826
0.027286,0.625941
0.052811,0.641381
0.076846,0.655639
0.100155,0.669670
0.123142,0.684001
0.145444,0.698095
0.166669,0.711294
0.186946,0.723673
0.206510,0.735494
0.225388,0.746704
0.243447,0.756988
0.260639,0.766164
0.276989,0.774185
0.292516,0.780991
0.307189,0.786438
0.320964,0.790364
0.333804,0.792620
0.345673,0.793063
0.356531,0.791552
0.366339,0.787952
0.375068,0.782155
0.382706,0.774097
0.389270,0.763774
0.394807,0.751259
0.399396,0.736692
0.403137,0.720266
0.406138,0.702188
0.408499,0.682653
0.410302,0.661820
0.411612,0.639812
0.412483,0.616726
0.412955,0.592644
0.413068,0.567638
0.412853,0.541770
0.412341,0.515095
0.411557,0.487660
0.410524,0.459510
0.409265,0.430682
0.407801,0.401213
0.406150,0.371135
0.404331,0.340478
0.402361,0.309269
0.400259,0.277534
0.398040,0.245295
0.395720,0.212576
0.393316,0.179397
0.390843,0.145776
0.388317,0.111732
0.385753,0.077280
0.383165,0.042438
0.380569,0.007219
0.378462,-0.026518
0.376888,-0.058476
0.375525,-0.089850
0.374211,-0.121186
0.373153,-0.151636
0.372515,-0.180554
0.372217,-0.208333
0.372173,-0.235479
0.372414,-0.261827
0.373005,-0.286921
0.373943,-0.310700
0.375201,-0.333347
0.376761,-0.354903
0.378616,-0.375189
0.380745,-0.394056
0.383123,-0.411458
0.385720,-0.427363
0.388498,-0.441681
0.391406,-0.454290
0.394390,-0.465073
0.397384,-0.473918
0.400316,-0.480705
0.403101,-0.485315
0.405644,-0.487631
0.407845,-0.487563
0.409602,-0.485055
0.410817,-0.480109
0.411404,-0.472792
0.411300,-0.463239
0.410457,-0.451639
0.408851,-0.438215
0.406467,-0.423186
0.403296,-0.406755
0.399325,-0.389090
0.394544,-0.370328
0.388936,-0.350586
0.382492,-0.329965
0.375199,-0.308557
0.367049,-0.286442
0.358034,-0.263695
0.348145,-0.240384
0.337378,-0.216572
0.325726,-0.192319
0.313188,-0.167679
0.299759,-0.142705
0.285441,-0.117446
0.270235,-0.091950
0.254142,-0.066261
0.237168,-0.040422
0.219318,-0.014472
0.202265,0.010419
0.186551,0.033948
0.171169,0.056824
0.155570,0.079421
0.140320,0.101391
0.126094,0.122364
0.112795,0.142471
0.100137,0.161943
0.088175,0.180799
0.077229,0.198903
0.067476,0.216206
0.058950,0.232733
0.051701,0.248496
0.045864,0.263458
0.041599,0.277563
0.039046,0.290764
0.038336,0.303011
0.039604,0.314250
0.042981,0.324420
0.048573,0.333470
0.056446,0.341364
0.066611,0.348089
0.079009,0.353667
0.093510,0.358157
0.109930,0.361642
0.128062,0.364223
0.147707,0.365997
0.168694,0.367049
0.190891,0.367441
0.214191,0.367226
0.238509,0.366444
0.263768,0.365131
0.289904,0.363321
0.316858,0.361041
0.344579,0.358318
0.373023,0.355176
0.402147,0.351638
0.431916,0.347726
0.462293,0.343463
0.493250,0.338869
0.524755,0.333966
0.556784,0.328776
0.589311,0.323319
0.622313,0.317617
0.655770,0.311692
0.689663,0.305565
0.723973,0.299260
0.758683,0.292797
0.793779,0.286200
0.829244,0.279491
0.863319,0.273486
0.895685,0.268248
0.927446,0.263227
0.959107,0.258160
0.989885,0.253436
1.019182,0.249365
1.047359,0.245799
1.074892,0.242551
1.101632,0.239694
1.127153,0.237396
1.151389,0.235675
1.174512,0.234470
1.196558,0.233762
1.217354,0.233584
1.236752,0.233954
1.254697,0.234861
1.271151,0.236284
1.286018,0.238209
1.299167,0.240616
1.310469,0.243477
1.319799,0.246755
1.327024,0.250404
1.332006,0.254369
1.334613,0.258582
1.334733,0.262963
1.332295,0.267422
1.327287,0.271864
1.319765,0.276190
1.309854,0.280305
1.297739,0.284127
1.283634,0.287580
1.267754,0.290606
1.250292,0.293149
1.231407,0.295165
1.211230,0.296612
1.189869,0.297453
1.167421,0.297655
1.143972,0.297193
1.119600,0.296041
1.094375,0.294178
1.068362,0.291585
1.041622,0.288247
1.014212,0.284149
0.986183,0.279280
0.957588,0.273631
0.928473,0.267195
0.898885,0.259969
0.868866,0.251948
0.838458,0.243134
0.807700,0.233529
0.778169,0.224439
0.750293,0.216292
0.723111,0.208302
0.696115,0.200052
0.669818,0.192008
0.644768,0.184716
0.620800,0.178108
0.597598,0.171968
0.575168,0.166358
0.553750,0.161552
0.533447,0.157695
0.514240,0.154815
0.496130,0.152955
0.479207,0.152227
0.463580,0.152755
0.449345,0.154646
0.436596,0.157993
0.425440,0.162894
0.415989,0.169441
0.408352,0.177709
0.402612,0.187748
0.398819,0.199564
0.396971,0.213116
0.397007,0.228308
0.398816,0.245003
0.402248,0.263036
0.407149,0.282242
0.413381,0.302473
0.420829,0.323608
0.429409,0.345551
0.439050,0.368224
0.449694,0.391559
0.461287,0.415496
0.473782,0.439985
0.487137,0.464979
0.501311,0.490439
0.516267,0.516330
0.531971,0.542620
0.548387,0.569281
0.565482,0.596290
0.583223,0.623623
0.601577,0.651263
0.620512,0.679193
0.639995,0.707400
0.659993,0.735871
0.680473,0.764599
0.701402,0.793574
0.722745,0.822791
0.744469,0.852246
0.766539,0.881937
0.787347,0.910730
0.806662,0.938360
0.825522,0.965510
0.844408,0.992487
0.862573,1.018818
0.879425,1.044146
0.895265,1.068705
0.910493,1.092809
0.924967,1.116372
0.938318,1.139117
0.950485,1.160996
0.961603,1.182120
0.971703,1.202512
0.980664,1.222042
0.988391,1.240592
0.994861,1.258105
1.000068,1.274535
1.003971,1.289790
1.006519,1.303744
1.007668,1.316270
1.007384,1.327237
1.005637,1.336504
1.002405,1.343919
0.997683,1.349335
0.991486,1.352615
0.983863,1.353659
0.974899,1.352414
0.964719,1.348890
0.953477,1.343158
0.941347,1.335342
0.928505,1.325592
0.915115,1.314061
0.901319,1.300883
0.887235,1.286169
0.872965,1.270004
0.858594,1.252465
0.844197,1.233618
0.829838,1.213526
0.815577,1.192243
0.801464,1.169822
0.787546,1.146312
0.773863,1.121758
0.760452,1.096207
0.747346,1.069700
0.734573,1.042279
0.722157,1.013985
0.710120,0.984858
0.698479,0.954937
0.687251,0.924259
0.676445,0.892863
0.665858,0.862783
0.655391,0.834589
0.645159,0.807055
0.635214,0.779535
0.625458,0.752743
0.615757,0.727440
0.606076,0.703437
0.596407,0.680343
0.586705,0.658209
0.576894,0.637406
0.566925,0.618102
0.556771,0.600284
0.546408,0.583969
0.535809,0.569296
0.524955,0.556429
0.513835,0.545507
0.502447,0.536656
0.490799,0.530023
0.478906,0.525757
0.466797,0.524003
0.454509,0.524876
0.442091,0.528450
0.429598,0.534733
0.417088,0.543659
0.404619,0.555089
0.392245,0.568826
0.380011,0.584646
0.367959,0.602338
0.356124,0.621717
0.344539,0.642637
0.333232,0.664983
0.322229,0.688654
0.311551,0.713564
0.301216,0.739634
0.291239,0.766794
0.281631,0.794980
0.272401,0.824134
0.263554,0.854200
0.255094,0.885129
0.247018,0.916870
0.239323,0.949378
0.232003,0.982610
0.225048,1.016523
0.218446,1.051079
0.212180,1.086239
0.206233,1.121968
0.200584,1.158229
0.195209,1.194990
0.190084,1.232218
0.185181,1.269883
0.179974,1.306065
0.174431,1.340390
0.168907,1.374045
0.163571,1.407574
0.158136,1.440139
0.152357,1.471073
0.146307,1.500734
0.140091,1.529607
0.133649,1.557542
0.126862,1.584090
0.119710,1.609163
0.112218,1.632920
0.104396,1.655394
0.096228,1.676409
0.087714,1.695809
0.078870,1.713528
0.069719,1.729517
0.060290,1.743674
0.050621,1.755868
0.040763,1.765967
0.030773,1.773842
0.020721,1.779363
0.010691,1.782396
0.000776,1.782825
-0.008921,1.780561
-0.018295,1.775566
-0.027243,1.767867
-0.035671,1.757566
-0.043504,1.744831
-0.050684,1.729876
-0.057166,1.712937
-0.062921,1.694232
-0.067919,1.673954
-0.072137,1.652260
-0.075553,1.629280
-0.078149,1.605127
-0.079914,1.579901
-0.080838,1.553693
-0.080916,1.526585
-0.080146,1.498652
-0.078529,1.469960
-0.076068,1.440575
-0.072770,1.410553
-0.068646,1.379951
-0.063706,1.348817
-0.057966,1.317200
-0.051442,1.285142
-0.044155,1.252686
-0.036124,1.219868
-0.027374,1.186723
-0.019270,1.154762
-0.012214,1.124381
-0.005393,1.094658
0.001600,1.065113
0.008257,1.036282
0.014029,1.008714
0.019007,0.982224
0.023416,0.956481
0.027185,0.931511
0.030042,0.907589
0.031866,0.884828
0.032653,0.863198
0.032384,0.842700
0.030969,0.823448
0.028312,0.805578
0.024345,0.789204
0.019013,0.774439
0.012261,0.761417
0.004036,0.750289
-0.005698,0.741208
-0.016958,0.734318
-0.029735,0.729740
-0.043982,0.727552
-0.059612,0.727773
-0.076502,0.730359
-0.094500,0.735202
-0.113440,0.742155
-0.133161,0.751058
-0.153517,0.761764
-0.174383,0.774151
-0.195653,0.788124
-0.217238,0.803604
-0.239059,0.820522
-0.261048,0.838814
-0.283144,0.858422
-0.305294,0.879289
-0.327449,0.901363
-0.349569,0.924594
-0.371618,0.948930
-0.393567,0.974322
-0.415389,1.000721
-0.437066,1.028079
-0.458581,1.056345
-0.479925,1.085473
-0.501091,1.115412
-0.522079,1.146114
-0.542890,1.177532
-0.563532,1.209615
-0.584014,1.242318
-0.604352,1.275590
-0.624382,1.307439
-0.644017,1.337473
-0.663337,1.366913
-0.682376,1.396323
-0.701130,1.424819
-0.719616,1.451675
-0.737888,1.477229
-0.756015,1.501960
-0.774009,1.525708
-0.791839,1.548010
-0.809499,1.568766
-0.827017,1.588114
-0.844398,1.606083
-0.861599,1.622502
-0.878572,1.637221
-0.895278,1.650173
-0.911678,1.661311
-0.927708,1.670544
-0.943286,1.677759
-0.958319,1.682842
-0.972706,1.685690
-0.986333,1.686200
-0.999075,1.684274
-1.010800,1.679836
-1.021381,1.672843
-1.030706,1.663307
-1.038687,1.651301
-1.045275,1.636964
-1.050456,1.620496
-1.054248,1.602126
-1.056688,1.582094
-1.057819,1.560617
-1.057674,1.537884
-1.056284,1.514050
-1.053672,1.489244
-1.049862,1.463579
-1.044880,1.437155
-1.038751,1.410061
-1.031503,1.382376
-1.023164,1.354172
-1.013764,1.325512
-1.003335,1.296455
-0.991909,1.267051
-0.979521,1.237349
-0.966206,1.207390
-0.952002,1.177212
-0.936947,1.146847
-0.921081,1.116325
-0.904444,1.085670
-0.887077,1.054906
-0.870722,1.025086
-0.855858,0.996469
-0.841445,0.968406
-0.826973,0.940550
-0.813097,0.913293
-0.800490,0.887015
-0.788999,0.861555
-0.778307,0.836644
-0.768495,0.812299
-0.759904,0.788732
-0.752672,0.766026
-0.746778,0.744150
-0.742233,0.723102
-0.739147,0.702980
-0.737638,0.683906
-0.737787,0.665982
-0.739660,0.649310
-0.743329,0.634016
-0.748866,0.620249
-0.756332,0.608166
-0.765767,0.597923
-0.777185,0.589670
-0.790557,0.583525
-0.805811,0.579570
-0.822823,0.577826
-0.841424,0.578259
-0.861420,0.580786
-0.882605,0.585295
-0.904788,0.591670
-0.927797,0.599810
-0.951486,0.609636
-0.975732,0.621081
-1.000427,0.634092
-1.025474,0.648616
-1.050787,0.664602
-1.076291,0.682001
-1.101916,0.700766
-1.127601,0.720849
-1.153293,0.742202
-1.178942,0.764775
-1.204508,0.788517
-1.229957,0.813377
-1.255259,0.839302
-1.280391,0.866238
-1.305336,0.894131
-1.330082,0.922924
-1.354625,0.952563
-1.378962,0.982989
-1.403097,1.014147
-1.427040,1.045978
-1.450542,1.076493
-1.473501,1.105273
-1.496057,1.133520
-1.518266,1.161788
-1.540107,1.189202
-1.561578,1.215021
-1.582749,1.239555
-1.603705,1.263260
-1.624461,1.285985
-1.644980,1.307272
-1.665257,1.327004
-1.685323,1.345302
-1.705186,1.362185
-1.724805,1.377488
-1.744128,1.391057
-1.763115,1.402816
-1.781724,1.412711
-1.799891,1.420649
-1.817530,1.426513
-1.834544,1.430191
-1.850829,1.431574
-1.866265,1.430561
-1.880724,1.427058
-1.894074,1.420995
-1.906187,1.412339
-1.916955,1.401114
-1.926299,1.387410
-1.934176,1.371383
-1.940584,1.353240
-1.945549,1.333221
-1.949115,1.311563
-1.951325,1.288484
-1.952219,1.264164
-1.951829,1.238756
-1.950182,1.212387
-1.947310,1.185168
-1.943241,1.157198
-1.938009,1.128564
-1.931647,1.099345
-1.924190,1.069610
-1.915675,1.039422
-1.906139,1.008837
-1.895622,0.977904
-1.884165,0.946669
-1.871812,0.915170
-1.858606,0.883443
-1.844591,0.851517
-1.829815,0.819420
-1.814323,0.787172
-1.798163,0.754794
-1.783047,0.723398
-1.769426,0.693256
-1.756279,0.663680
-1.743115,0.634306
-1.730591,0.605569
-1.719361,0.577877
-1.709256,0.551052
-1.699965,0.524803
-1.691577,0.499162
-1.684423,0.474376
-1.678628,0.450539
-1.674158,0.427609
-1.671013,0.405588
-1.669296,0.384592
-1.669107,0.364757
-1.670509,0.346194
-1.673547,0.329011
-1.678271,0.313346
-1.684730,0.299359
-1.692963,0.287223
-1.702985,0.277108
-1.714792,0.269182
-1.728344,0.263590
-1.743560,0.260436
-1.760316,0.259767
-1.778451,0.261567
-1.797774,0.265760
-1.818084,0.272230
-1.839183,0.280843
-1.860894,0.291472
-1.883060,0.304013
-1.905546,0.318380
-1.928234,0.334498
-1.951020,0.352302
-1.973810,0.371726
-1.996523,0.392707
-2.019083,0.415184
-2.041427,0.439098
-2.063495,0.464386
-2.085239,0.490989
-2.106617,0.518844
-2.127594,0.547889
-2.148143,0.578062
-2.168244,0.609300
-2.187884,0.641539
-2.207056,0.674717
-2.225761,0.708771
-2.244004,0.743638
-2.261799,0.779257
-2.279163,0.815566
-2.296317,0.850575
-2.313276,0.883827
-2.329902,0.916507
-2.346123,0.949166
-2.362129,0.980965
-2.378108,1.011173
-2.394061,1.040081
-2.409967,1.068136
-2.425878,1.095204
-2.441880,1.120841
-2.458005,1.144921
-2.474258,1.167550
-2.490644,1.188743
-2.507172,1.208334
-2.523835,1.226158
-2.540619,1.242126
-2.557498,1.256164
-2.574439,1.268162
-2.591391,1.277983
-2.608294,1.285488
-2.625075,1.290545
-2.641651,1.293019
-2.657923,1.292790
-2.673785,1.289756
-2.689127,1.283863
-2.703843,1.275116
-2.717838,1.263595
-2.731037,1.249453
-2.743385,1.232899
-2.754849,1.214176
-2.765409,1.193522
-2.775053,1.171154
-2.783770,1.147250
-2.791552,1.121959
-2.798395,1.095410
-2.804300,1.067716
-2.809275,1.038978
-2.813331,1.009289
-2.816481,0.978731
-2.818744,0.947381
-2.820142,0.915307
-2.820699,0.882573
-2.820444,0.849237
-2.819409,0.815353
-2.817625,0.780968
-2.815130,0.746128
-2.811960,0.710874
-2.808156,0.675243
-2.803758,0.639268
-2.798809,0.602980
-2.794590,0.567995
-2.791431,0.534698
-2.788580,0.502094
-2.785686,0.469676
-2.783242,0.438092
-2.781726,0.407949
-2.781025,0.379009
-2.780932,0.350878
-2.781520,0.323627
-2.783022,0.297616
-2.785514,0.272974
-2.788966,0.249640
-2.793375,0.227612
-2.798789,0.207041
-2.805251,0.188093
-2.812773,0.170893
-2.821350,0.155554
-2.830973,0.142222
-2.841624,0.131066
-2.853267,0.122263
-2.865851,0.115983
-2.879301,0.112387
-2.893522,0.111608
-2.908394,0.113730
-2.923777,0.118775
-2.939519,0.126686
-2.955460,0.137338
-2.971447,0.150558
-2.987337,0.166149
-3.003000,0.183918
-3.018320,0.203700
-3.033196,0.225353
-3.047535,0.248758
-3.061259,0.273807
-3.074299,0.300398
-3.086593,0.328437
-3.098091,0.357832
-3.108750,0.388497
-3.118535,0.420348
-3.127418,0.453305
-3.135379,0.487288
-3.142408,0.522222
-3.148500,0.558032
-3.153657,0.594649
-3.157889,0.632004
-3.161213,0.670032
-3.163651,0.708670
-3.165233,0.747860
-3.165992,0.787545
-3.165968,0.827674
-3.166253,0.866574
-3.167092,0.903847
-3.167842,0.940486
-3.168195,0.976951
-3.168686,1.012590
-3.169816,1.046833
-3.171471,1.079926
-3.173436,1.112248
-3.175821,1.143709
-3.178900,1.173963
-3.182767,1.202910
-3.187388,1.230635
-3.192767,1.257155
-3.198989,1.282328
-3.206128,1.306009
-3.214218,1.328108
-3.223277,1.348547
-3.233330,1.367211
-3.244400,1.383956
-3.256503,1.398632
-3.269642,1.411088
-3.283807,1.421169
-3.298975,1.428721
-3.315101,1.433613
-3.332116,1.435748
-3.349927,1.435088
-3.368413,1.431666
-3.387438,1.425584
-3.406857,1.417008
-3.426528,1.406133
-3.446320,1.393160
-3.466124,1.378268
-3.485845,1.361607
-3.505409,1.343303
-3.524753,1.323464
-3.543824,1.302190
-3.562581,1.279575
-3.580990,1.255702
-3.599024,1.230651
-3.616664,1.204498
-3.633895,1.177312
-3.650709,1.149160
-3.667102,1.120107
-3.683074,1.090214
-3.698631,1.059538
-3.713781,1.028135
-3.728536,0.996058
-3.742911,0.963356
-3.756923,0.930078
-3.770591,0.896270
-3.784234,0.863995
-3.797980,0.833743
-3.811682,0.804250
-3.825298,0.774893
-3.838912,0.746496
-3.852617,0.719835
-3.866436,0.694636
-3.880391,0.670441
-3.894506,0.647354
-3.908790,0.625812
-3.923239,0.605964
-3.937858,0.587736
-3.952641,0.571123
-3.967549,0.556282
-3.982531,0.543380
-3.997529,0.532529
-4.012477,0.523822
-4.027292,0.517382
-4.041866,0.513344
-4.056076,0.511841
-4.069787,0.512990
-4.082849,0.516891
-4.095112,0.523606
-4.106428,0.533141
-4.116668,0.545436
-4.125730,0.560358
-4.133546,0.577713
-4.140076,0.597268
-4.145300,0.618778
-4.149207,0.642010
-4.151785,0.666762
-4.153018,0.692863
-4.152892,0.720161
-4.151393,0.748524
-4.148515,0.777830
-4.144257,0.807965
-4.138623,0.838824
-4.131620,0.870313
-4.123261,0.902339
-4.113565,0.934820
-4.102556,0.967678
-4.090263,1.000841
-4.076720,1.034243
-4.061964,1.067824
-4.046039,1.101531
-4.028991,1.135313
-4.010871,1.169130
-3.991730,1.202943
-3.971627,1.236721
-3.950618,1.270437
-3.930512,1.303264
-3.911733,1.335029
-3.893216,1.366250
-3.874457,1.397156
-3.856249,1.427463
-3.839309,1.456938
-3.823407,1.485735
-3.808163,1.514067
-3.793715,1.541911
-3.780480,1.569113
-3.768587,1.595634
-3.757957,1.621531
-3.748585,1.646820
-3.740617,1.671423
-3.734191,1.695254
-3.729380,1.718253
-3.726237,1.740364
-3.724840,1.761501
-3.725284,1.781556
-3.727657,1.800409
-3.732037,1.817931
-3.738497,1.833986
-3.747096,1.848429
-3.757867,1.861121
-3.770808,1.871937
-3.785866,1.880788
-3.802934,1.887627
-3.821848,1.892459
-3.842408,1.895338
-3.864389,1.896351
-3.887576,1.895599
-3.911774,1.893178
-3.936819,1.889170
-3.962572,1.883642
-3.988919,1.876656
-4.015758,1.868267
-4.043002,1.858533
-4.070570,1.847506
-4.098397,1.835240
-4.126421,1.821787
-4.154589,1.807197
-4.182855,1.791522
-4.211180,1.774813
-4.239527,1.757120
-4.267868,1.738492
-4.296177,1.718981
-4.324434,1.698633
-4.352621,1.677498
-4.380726,1.655622
-4.408739,1.633052
-4.435953,1.611776
-4.462286,1.592322
-4.488235,1.573511
-4.514071,1.554765
-4.539460,1.536838
-4.564099,1.520461
-4.588136,1.505414
-4.611809,1.491312
-4.635093,1.478253
-4.657787,1.466618
-4.679814,1.456546
-4.701208,1.447984
-4.721963,1.440931
-4.741975,1.435507
-4.761117,1.431836
-4.779284,1.429998
-4.796372,1.430054
-4.812247,1.432077
-4.826751,1.436140
-4.839716,1.442307
-4.850971,1.450622
-4.860349,1.461098
-4.867701,1.473714
-4.872920,1.488393
-4.875948,1.505007
-4.876787,1.523379
-4.875491,1.543295
-4.872151,1.564527
-4.866867,1.586857
-4.859733,1.610087
-4.850824,1.634046
-4.840201,1.658589
-4.827915,1.683589
-4.814016,1.708931
-4.798554,1.734513
-4.781578,1.760243
-4.763137,1.786039
-4.743280,1.811826
-4.722060,1.837536
-4.699530,1.863110
-4.675743,1.888495
-4.650756,1.913647
-4.624627,1.938526
-4.597414,1.963100
-4.569176,1.987343
-4.539974,2.011235
-4.509869,2.034761
-4.478920,2.057913
-4.447189,2.080687
-4.414735,2.103085
-4.383535,2.125048
-4.354012,2.146608
-4.324981,2.167854
-4.295890,2.188809
-4.267601,2.209487
-4.240849,2.229919
-4.215334,2.250161
-4.190608,2.270276
-4.166821,2.290286
-4.144427,2.310180
-4.123546,2.329961
-4.104062,2.349652
-4.085958,2.369260
-4.069403,2.388754
-4.054552,2.408092
-4.041483,2.427239
-4.030252,2.446155
-4.020955,2.464780
-4.013709,2.483037
-4.008632,2.500837
-4.005832,2.518079
-4.005417,2.534653
-4.007490,2.550433
-4.012134,2.565288
-4.019403,2.579086
-4.029300,2.591704
-4.041766,2.603040
-4.056676,2.613022
-4.073845,2.621613
-4.093044,2.628806
-4.114033,2.634617
-4.136580,2.639072
-4.160483,2.642195
-4.185573,2.644007
-4.211705,2.644524
-4.238755,2.643765
-4.266610,2.641750
-4.295170,2.638504
-4.324345,2.634051
-4.354053,2.628419
-4.384222,2.621637
-4.414783,2.613736
-4.445678,2.604750
-4.476852,2.594714
-4.508254,2.583664
-4.539842,2.571638
-4.571575,2.558674
-4.603418,2.544813
-4.635341,2.530095
-4.667318,2.514560
-4.698226,2.500022
-4.727861,2.487017
-4.756962,2.474495
-4.785916,2.461936
-4.814260,2.450000
-4.841548,2.439357
-4.867956,2.429850
-4.893781,2.421158
-4.918996,2.413364
-4.943349,2.406805
-4.966740,2.401616
-4.989198,2.397775
-5.010720,2.395291
-5.031190,2.394269
-5.050471,2.394819
-5.068447,2.397016
-5.085002,2.400920
-5.099995,2.406592
-5.113266,2.414094
-5.124650,2.423469
-5.133986,2.434739
-5.141132,2.447894
-5.145984,2.462879
-5.148491,2.479593
-5.148664,2.497886
-5.146579,2.517573
-5.142351,2.538450
-5.136117,2.560314
-5.128003,2.582981
-5.118118,2.606293
-5.106546,2.630113
-5.093357,2.654328
-5.078615,2.678835
-5.062381,2.703544
-5.044715,2.728374
-5.025672,2.753255
-5.005309,2.778123
-4.983680,2.802920
-4.960840,2.827598
-4.936846,2.852114
-4.911754,2.876429
-4.885619,2.900514
-4.858498,2.924342
-4.830448,2.947894
-4.801526,2.971155
-4.771788,2.994114
-4.741290,3.016766
-4.710088,3.039111
-4.678237,3.061150
-4.645789,3.082891
-4.614688,3.104239
-4.585319,3.125227
-4.556503,3.145972
-4.527700,3.166516
-4.499773,3.186825
-4.473428,3.206891
-4.448339,3.226776
-4.424051,3.246562
-4.400724,3.266252
-4.378814,3.285797
-4.358418,3.305186
-4.339399,3.324446
-4.321732,3.343579
-4.305586,3.362532
-4.291107,3.381246
-4.278353,3.399676
-4.267361,3.417776
-4.258214,3.435476
-4.251016,3.452684
-4.245866,3.469299
-4.242856,3.485211
-4.242077,3.500297
-4.243616,3.514421
-4.247550,3.527437
-4.253931,3.539196
-4.262771,3.549561
-4.274029,3.558414
-4.287606,3.565668
-4.303338,3.571279
-4.321015,3.575242
-4.340401,3.577586
-4.361262,3.578355
-4.383382,3.577597
-4.406576,3.575353
-4.430689,3.571656
-4.455588,3.566535
-4.481157,3.560021
-4.507291,3.552145
-4.533897,3.542939
-4.560893,3.532437
-4.588203,3.520672
-4.615761,3.507680
-4.643505,3.493497
-4.671382,3.478164
-4.699344,3.461717
-4.727347,3.444199
-4.755355,3.425651
-4.783334,3.406114
-4.811256,3.385631
-4.839097,3.364246
-4.866062,3.343956
-4.891991,3.325333
-4.917392,3.307194
-4.942539,3.288935
-4.967141,3.271286
-4.990924,3.255020
-5.014016,3.239968
-5.036632,3.225770
-5.058777,3.212504
-5.080309,3.200550
-5.101173,3.190078
-5.121395,3.181078
-5.140981,3.173570
-5.159863,3.167691
-5.177953,3.163588
-5.195170,3.161378
-5.211428,3.161161
-5.226626,3.163046
-5.240643,3.167143
-5.253354,3.173545
-5.264639,3.182317
-5.274390,3.193478
-5.282534,3.206992
-5.289035,3.222756
-5.293905,3.240606
-5.297197,3.260333
-5.298985,3.281712
-5.299350,3.304525
-5.298360,3.328586
-5.296068,3.353738
-5.292514,3.379853
-5.287731,3.406820
-5.281751,3.434540
-5.274605,3.462926
-5.266325,3.491898
-5.256942,3.521385
-5.246485,3.551323
-5.234987,3.581651
-5.222483,3.612318
-5.209008,3.643274
-5.194598,3.674475
-5.179291,3.705883
-5.163128,3.737462
-5.146150,3.769180
-5.128398,3.801012
-5.109917,3.832933
-5.090751,3.864923
-5.070945,3.896967
-5.050545,3.929050
-5.029597,3.961163
-5.009754,3.992363
-4.991339,4.022480
-4.973346,4.052119
-4.955311,4.081549
-4.937975,4.110370
-4.921947,4.138271
-4.906955,4.165451
-4.892620,4.192179
-4.879083,4.218385
-4.866719,4.243829
-4.855599,4.268462
-4.845605,4.292372
-4.836711,4.315571
-4.829040,4.337941
-4.822692,4.359370
-4.817694,4.379796
-4.814058,4.399168
-4.811825,4.417392
-4.811048,4.434345
-4.811773,4.449898
-4.814035,4.463920
-4.817867,4.476266
-4.823292,4.486781
-4.830323,4.495306
-4.838949,4.501692
-4.849131,4.505811
-4.860791,4.507580
-4.873812,4.506969
-4.888037,4.504015
-4.903286,4.498810
-4.919368,4.491486
-4.936099,4.482190
-4.953316,4.471061
-4.970878,4.458217
-4.988671,4.443752
-5.006595,4.427750
-5.024568,4.410283
-5.042515,4.391420
-5.060375,4.371224
-5.078094,4.349755
-5.095623,4.327070
-5.112922,4.303221
-5.129957,4.278263
-5.146700,4.252244
-5.163125,4.225214
-5.179215,4.197221
-5.194955,4.168310
-5.210334,4.138528
-5.225346,4.107919
-5.239990,4.076525
-5.254313,4.046483
-5.268313,4.018376
-5.281931,3.990915
-5.295151,3.963440
-5.308045,3.936728
-5.320714,3.911587
-5.333208,3.887806
-5.345557,3.864963
-5.357810,3.843123
-5.370019,3.822687
-5.382220,3.803825
-5.394440,3.786509
-5.406702,3.770749
-5.419018,3.756693
-5.431388,3.744508
-5.443807,3.734327
-5.456258,3.726275
-5.468714,3.720490
-5.481136,3.717121
-5.493472,3.716308
-5.505661,3.718163
-5.517636,3.722758
-5.529329,3.730099
-5.540675,3.740123
-5.551620,3.752687
-5.562122,3.767592
-5.572151,3.784610
-5.581683,3.803519
-5.590698,3.824122
-5.599175,3.846264
-5.607093,3.869815
-5.614434,3.894668
-5.621182,3.920729
-5.627324,3.947912
-5.632851,3.976140
-5.637756,4.005343
-5.642033,4.035457
-5.645682,4.066421
-5.648704,4.098178
-5.651103,4.130678
-5.652887,4.163868
-5.654067,4.197703
-5.654655,4.232138
-5.654669,4.267131
-5.654127,4.302643
-5.653052,4.338636
-5.651470,4.375075
-5.649406,4.411928
-5.646891,4.449163
-5.643958,4.486751
-5.641500,4.523019
-5.639648,4.557593
-5.637828,4.591488
-5.635764,4.625174
-5.633904,4.657964
-5.632638,4.689295
-5.631835,4.719457
-5.631299,4.748861
-5.631115,4.777398
-5.631499,4.804696
-5.632503,4.830674
-5.634074,4.855453
-5.636202,4.879058
-5.638947,4.901343
-5.642351,4.922165
-5.646424,4.941453
-5.651165,4.959151
-5.656579,4.975155
-5.662671,4.989335
-5.669436,5.001551
-5.676863,5.011668
-5.684930,5.019541
-5.693605,5.025023
-5.702841,5.027978
-5.712577,5.028298
-5.722734,5.025921
-5.733218,5.020852
-5.743923,5.013170
-5.754738,5.003020
-5.765558,4.990599
-5.776285,4.976119
-5.786836,4.959782
-5.797141,4.941759
-5.807140,4.922189
-5.816786,4.901186
-5.826040,4.878848
-5.834870,4.855262
-5.843250,4.830509
-5.851159,4.804658
-5.858583,4.777773
-5.865508,4.749915
-5.871928,4.721138
-5.877838,4.691493
-5.883238,4.661027
-5.888130,4.629786
-5.892519,4.597811
-5.896414,4.565143
-5.899826,4.531819
-5.902768,4.497874
-5.905256,4.463343
-5.907947,4.430221
-5.910941,4.399038
-5.913778,4.368597
-5.916241,4.338285
-5.918647,4.308840
-5.921332,4.280982
-5.924262,4.254460
-5.927331,4.228840
-5.930606,4.204180
-5.934257,4.180856
-5.938360,4.159005
-5.942923,4.138565
-5.947964,4.119525
-5.953534,4.102021
-5.959678,4.086208
-5.966423,4.072203
-5.973785,4.060112
-5.981774,4.050068
-5.990393,4.042221
-5.999630,4.036722
-6.009461,4.033708
-6.019845,4.033296
-6.030723,4.035554
-6.042021,4.040493
-6.053651,4.048049
-6.065516,4.058087
-6.077521,4.070424
-6.089576,4.084853
-6.101600,4.101175
-6.113521,4.119221
-6.125278,4.138856
-6.136815,4.159970
-6.148084,4.182471
-6.159042,4.206275
-6.169653,4.231307
-6.179884,4.257500
-6.189705,4.284791
-6.199092,4.313123
-6.208024,4.342439
-6.216485,4.372688
-6.224460,4.403820
-6.231941,4.435785
-6.238922,4.468538
-6.245402,4.502033
-6.251381,4.536227
-6.256866,4.571077
-6.261867,4.606543
-6.266396,4.642583
-6.270470,4.679161
-6.274109,4.716240
-6.277900,4.751998
-6.281899,4.785984
-6.285697,4.819287
-6.289087,4.852420
-6.292418,4.884677
-6.296018,4.915428
-6.299820,4.944940
-6.303694,4.973627
-6.307713,5.001397
-6.312052,5.027878
-6.316772,5.052964
-6.321855,5.076753
-6.327305,5.099266
-6.333175,5.120364
-6.339506,5.139904
-6.346318,5.157797
-6.353619,5.173973
-6.361421,5.188321
-6.369731,5.200705
-6.378550,5.210984
-6.387870,5.219015
-6.397671,5.224656
-6.407925,5.227774
-6.418588,5.228260
-6.429600,5.226054
-6.440887,5.221159
-6.452364,5.213653
-6.463940,5.203686
-6.475527,5.191456
-6.487042,5.177184
-6.498416,5.161078
-6.509590,5.143314
-6.520518,5.124032
-6.531162,5.103348
-6.541492,5.081361
-6.551484,5.058158
-6.561120,5.033816
-6.570386,5.008406
-6.579273,4.981989
-6.587775,4.954624
-6.595889,4.926362
-6.603614,4.897253
-6.610954,4.867343
-6.617914,4.836673
-6.624502,4.805283
-6.630728,4.773211
-6.636604,4.740491
-6.642144,4.707158
-6.647363,4.673242
-6.652281,4.638773
-6.657334,4.605804
-6.662559,4.574811
-6.667632,4.544534
-6.672415,4.514347
-6.677125,4.485065
-6.681983,4.457435
-6.686970,4.431150
-6.692033,4.405729
-6.697225,4.381263
-6.702651,4.358176
-6.708352,4.336598
-6.714334,4.316433
-6.720604,4.297656
-6.727183,4.280418
-6.734080,4.264882
-6.741291,4.251151
-6.748805,4.239316
-6.756599,4.229500
-6.764639,4.221849
-6.772878,4.216507
-6.781258,4.213613
-6.789707,4.213290
-6.798144,4.215629
-6.806478,4.220670
-6.814620,4.228387
-6.822483,4.238679
-6.829992,4.251382
-6.837085,4.266289
-6.843709,4.283179
-6.849819,4.301848
-6.855375,4.322123
-6.860335,4.343862
-6.864661,4.366951
-6.868320,4.391286
-6.871280,4.416778
-6.873515,4.443343
-6.875000,4.470905
-6.875715,4.499395
-6.875640,4.528746
-6.874763,4.558896
-6.873071,4.589786
-6.870557,4.621360
-6.867217,4.653562
-6.863051,4.686342
-6.858062,4.719649
-6.852257,4.753437
-6.845647,4.787661
-6.838245,4.822278
-6.830069,4.857247
-6.821140,4.892530
-6.812665,4.926652
-6.804923,4.959214
-6.797160,4.991088
-6.788993,5.022686
-6.780974,5.053502
-6.773650,5.083067
-6.766893,5.111581
-6.760449,5.139356
-6.754413,5.166352
-6.749086,5.192310
-6.744584,5.217150
-6.740878,5.240937
-6.737978,5.263689
-6.735990,5.285311
-6.735021,5.305696
-6.735142,5.324768
-6.736407,5.342459
-6.738888,5.358676
-6.742660,5.373302
-6.747797,5.386215
-6.754364,5.397288
-6.762413,5.406397
-6.771981,5.413427
-6.783071,5.418292
-6.795650,5.420947
-6.809636,5.421403
-6.824908,5.419734
-6.841312,5.416063
-6.858679,5.410545
-6.876849,5.403338
-6.895684,5.394581
-6.915070,5.384390
-6.934915,5.372854
-6.955146,5.360052
-6.975698,5.346052
-6.996516,5.330916
-7.017553,5.314699
-7.038769,5.297454
-7.060128,5.279226
-7.081600,5.260061
-7.103160,5.239999
-7.124785,5.219081
-7.146455,5.197343
-7.168155,5.174821
-7.189872,5.151549
-7.211593,5.127559
-7.233310,5.102883
-7.255015,5.077551
-7.276705,5.051592
-7.298374,5.025032
-7.319300,4.999878
-7.339373,4.976564
-7.359075,4.953839
-7.378659,4.931099
-7.397784,4.909149
-7.416170,4.888717
-7.433985,4.869511
-7.451472,4.851085
-7.468605,4.833551
-7.485192,4.817322
-7.501182,4.802518
-7.516635,4.789044
-7.531566,4.776880
-7.545886,4.766161
-7.559496,4.757020
-7.572322,4.749533
-7.584295,4.743760
-7.595315,4.739782
-7.605258,4.737692
-7.613993,4.737576
-7.621381,4.739506
-7.627286,4.743532
-7.631580,4.749675
-7.634165,4.757906
-7.634983,4.768144
-7.634024,4.780248
-7.631332,4.794035
-7.626983,4.809291
-7.621072,4.825803
-7.613685,4.843376
-7.604894,4.861842
-7.594751,4.881061
-7.583293,4.900913
-7.570555,4.921293
-7.556566,4.942105
-7.541353,4.963262
-7.524943,4.984685
-7.507359,5.006301
-7.488626,5.028041
-7.468769,5.049842
-7.447815,5.071644
-7.425790,5.093393
-7.402723,5.115037
-7.378642,5.136528
-7.353578,5.157822
-7.327565,5.178880
-7.300635,5.199665
-7.272823,5.220143
-7.244164,5.240286
-7.214696,5.260066
-7.186314,5.279225
-7.159488,5.297768
-7.133064,5.315892
-7.106472,5.333662
-7.080467,5.351023
-7.055766,5.367958
-7.032128,5.384534
-7.009145,5.400829
-6.986920,5.416866
-6.965855,5.432640
-6.946088,5.448163
-6.927551,5.463467
-6.910237,5.478571
-6.894290,5.493471
-6.879863,5.508159
-6.867055,5.522626
-6.855948,5.536860
-6.846655,5.550837
-6.839306,5.564526
-6.834038,5.577886
-6.830980,5.590868
-6.830255,5.603420
-6.831972,5.615482
-6.836203,5.626994
-6.842969,5.637899
-6.852228,5.648150
-6.863862,5.657714
-6.877696,5.666574
-6.893512,5.674724
-6.911089,5.682170
-6.930221,5.688917
-6.950738,5.694969
-6.972504,5.700330
-6.995404,5.705000
-7.019340,5.708981
-7.044225,5.712274
-7.069983,5.714882
-7.096544,5.716810
-7.123847,5.718060
-7.151836,5.718638
-7.180460,5.718548
-7.209673,5.717796
-7.239432,5.716388
-7.269697,5.714331
-7.300433,5.711631
-7.331605,5.708296
-7.363185,5.704333
-7.395142,5.699750
-7.427451,5.694554
-7.460087,5.688752
-7.491223,5.683469
-7.520521,5.679145
-7.549186,5.675211
-7.577828,5.671385
-7.605677,5.667983
-7.632013,5.665325
-7.657116,5.663319
-7.681440,5.661810
-7.704907,5.660840
-7.727109,5.660564
-7.747905,5.661032
-7.767363,5.662219
-7.785490,5.664118
-7.802131,5.666761
-7.817114,5.670173
-7.830313,5.674360
-7.841611,5.679318
-7.850863,5.685038
-7.857907,5.691502
-7.862580,5.698680
-7.864738,5.706529
-7.864265,5.714986
-7.861096,5.723974
-7.855236,5.733396
-7.846771,5.743146
-7.835855,5.753112
-7.822692,5.763184
-7.807502,5.773261
-7.790485,5.783249
-7.771807,5.793069
-7.751601,5.802647
-7.729975,5.811920
-7.707023,5.820830
-7.682830,5.829325
-7.657472,5.837357
-7.631021,5.844886
-7.603543,5.851873
-7.575099,5.858284
-7.545749,5.864087
-7.515549,5.869256
-7.484554,5.873768
-7.452817,5.877604
-7.420389,5.880745
-7.387319,5.883180
-7.353655,5.884899
-7.319444,5.885894
-7.284730,5.886161
-7.249558,5.885700
-7.213969,5.884512
-7.178002,5.882599
-7.143348,5.880923
-7.110279,5.879804
-7.077700,5.878735
-7.045105,5.877448
-7.013229,5.876336
-6.982680,5.875762
-6.953157,5.875609
-6.924240,5.875696
-6.896040,5.876108
-6.868945,5.877064
-6.843041,5.878624
-6.818208,5.880745
-6.794418,5.883425
-6.771822,5.886734
-6.750562,5.890733
-6.730709,5.895443
-6.712321,5.900875
-6.695497,5.907048
-6.680367,5.913985
-6.667063,5.921700
-6.655719,5.930199
-6.646471,5.939481
-6.639461,5.949537
-6.634820,5.960342
-6.632657,5.971857
-6.633039,5.984024
-6.635977,5.996763
-6.641412,6.009974
-6.649224,6.023544
-6.659244,6.037356
-6.671280,6.051293
-6.685144,6.065251
-6.700672,6.079136
-6.717731,6.092871
-6.736208,6.106389
-6.756009,6.119633
-6.777048,6.132550
-6.799246,6.145099
-6.822535,6.157239
-6.846848,6.168937
-6.872127,6.180162
-6.898315,6.190888
-6.925362,6.201092
-6.953217,6.210754
-6.981835,6.219856
-7.011172,6.228383
-7.041187,6.236323
-7.071842,6.243664
-7.103100,6.250398
-7.134926,6.256518
-7.165232,6.262589
-7.193471,6.269000
-7.220942,6.275568
-7.248324,6.282201
-7.274872,6.288976
-7.299788,6.296005
-7.323285,6.303291
-7.345779,6.310818
-7.367222,6.318606
-7.387224,6.326700
-7.405611,6.335120
-7.422390,6.343869
-7.437538,6.352949
-7.450904,6.362357
-7.462313,6.372082
-7.471615,6.382105
-7.478670,6.392399
-7.483326,6.402925
-7.485431,6.413633
-7.484856,6.424464
-7.481511,6.435348
-7.475372,6.446210
-7.466495,6.456976
-7.455017,6.467574
-7.441142,6.477942
-7.425109,6.488027
-7.407154,6.497785
-7.387482,6.507174
-7.366256,6.516156
-7.343608,6.524695
-7.319647,6.532760
-7.294471,6.540319
-7.268168,6.547349
-7.240817,6.553826
-7.212489,6.559731
-7.183252,6.565047
-7.153168,6.569761
-7.122296,6.573860
-7.090692,6.577337
-7.058408,6.580187
-7.025494,6.582405
-6.991997,6.583991
-6.957963,6.584947
-6.923435,6.585277
-6.888453,6.584986
-6.853056,6.584082
-6.817281,6.582575
-6.781162,6.580475
-6.744732,6.577794
-6.708020,6.574545
-6.672669,6.571702
-6.638868,6.569559
-6.605527,6.567609
-6.572171,6.565606
-6.539592,6.563938
-6.508376,6.562920
-6.478165,6.562410
-6.448504,6.562226
-6.419557,6.562456
-6.391753,6.563290
-6.365150,6.564753
-6.339578,6.566781
-6.315008,6.569357
-6.291622,6.572533
-6.269569,6.576337
-6.248894,6.580762
-6.229626,6.585787
-6.211861,6.591406
-6.195724,6.597606
-6.181336,6.604368
-6.168811,6.611662
-6.158274,6.619451
-6.149862,6.627689
-6.143715,6.636321
-6.139967,6.645278
-6.138734,6.654482
-6.140101,6.663841
-6.144103,6.673253
-6.150711,6.682610
-6.159827,6.691803
-6.171294,6.700728
-6.184914,6.709289
-6.200476,6.717405
-6.217782,6.725002
-6.236659,6.732017
-6.256964,6.738395
-6.278576,6.744090
-6.301388,6.749059
-6.325303,6.753269
-6.350233,6.756689
-6.376096,6.759297
-6.402819,6.761069
-6.430332,6.761991
-6.458571,6.762049
-6.487474,6.761232
-6.516984,6.759534
-6.547049,6.756951
-6.577616,6.753481
-6.608639,6.749126
-6.640073,6.743889
-6.670101,6.739044
-6.698227,6.735108
-6.725575,6.731390
-6.752758,6.727508
-6.779183,6.723841
-6.804171,6.720869
-6.827868,6.718551
-6.850613,6.716720
-6.872398,6.715419
-6.892935,6.714873
-6.912072,6.715210
-6.929788,6.716474
-6.946051,6.718707
-6.960739,6.722003
-6.973708,6.726460
-6.984823,6.732164
-6.993954,6.739188
-7.000973,6.747595
-7.005765,6.757429
-7.008255,6.768702
-7.008422,6.781386
-7.006318,6.795405
-7.002065,6.810643
-6.995838,6.826954
-6.987833,6.844184
-6.978235,6.862191
-6.967195,6.880857
-6.954829,6.900086
-6.941227,6.919802
-6.926464,6.939937
-6.910605,6.960434
-6.893708,6.981241
-6.875825,7.002312
-6.857002,7.023606
-6.837282,7.045088
-6.816706,7.066724
-6.795309,7.088484
-6.773128,7.110343
-6.750198,7.132276
-6.726550,7.154263
-6.702217,7.176285
-6.677229,7.198326
-6.651617,7.220371
-6.625411,7.242409
-6.598638,7.264430
-6.571328,7.286424
-6.543506,7.308387
-6.515202,7.330313
-6.486440,7.352200
-6.457248,7.374044
-6.429334,7.395257
-6.402953,7.415783
-6.377025,7.436028
-6.351064,7.456156
-6.325871,7.475876
-6.302031,7.494993
-6.279181,7.513667
-6.256881,7.532098
-6.235310,7.550222
-6.214879,7.567863
-6.195625,7.585003
-6.177366,7.601729
-6.160069,7.618054
-6.143892,7.633882
-6.128948,7.649132
-6.115247,7.663780
-6.102786,7.677801
-6.091620,7.691133
-6.081828,7.703685
-6.073473,7.715371
-6.066611,7.726104
-6.061302,7.735783
-6.057614,7.744293
-6.055613,7.751506
-6.055357,7.757294
-6.056890,7.761524
-6.060233,7.764076
-6.065370,7.764853
-6.072240,7.763795
-6.080733,7.760890
-6.090692,7.756180
-6.101933,7.749743
-6.114262,7.741688
-6.127496,7.732124
-6.141475,7.721147
-6.156069,7.708835
-6.171169,7.695252
-6.186685,7.680450
-6.202537,7.664474
-6.218656,7.647369
-6.234982,7.629173
-6.251460,7.609921
-6.268044,7.589644
-6.284690,7.568375
-6.301360,7.546141
-6.318020,7.522971
-6.334640,7.498890
-6.351191,7.473926
-6.367652,7.448102
-6.383999,7.421444
-6.399637,7.396071
-6.414340,7.372633
-6.428396,7.349842
-6.441959,7.326989
-6.454917,7.304766
-6.467171,7.284002
-6.478806,7.264563
-6.489941,7.246086
-6.500620,7.228604
-6.510831,7.212474
-6.520588,7.197893
-6.529925,7.184897
-6.538872,7.173538
-6.547438,7.163960
-6.555625,7.156335
-6.563431,7.150817
-6.570851,7.147547
-6.577875,7.146660
-6.584490,7.148272
-6.590683,7.152453
-6.596446,7.159212
-6.601780,7.168476
-6.606696,7.180094
-6.611217,7.193856
-6.615371,7.209523
-6.619184,7.226872
-6.622680,7.245712
-6.625876,7.265896
-6.628784,7.287310
-6.631414,7.309861
-6.633771,7.333468
-6.635863,7.358060
-6.637694,7.383577
-6.639268,7.409965
-6.640589,7.437177
-6.641660,7.465170
-6.642484,7.493906
-6.643065,7.523348
-6.643408,7.553465
-6.643516,7.584227
-6.643395,7.615605
-6.643050,7.647573
-6.642489,7.680107
-6.641720,7.713183
-6.640751,7.746780
-6.639592,7.780876
-6.638255,7.815453
-6.636752,7.850490
-6.635098,7.885970
-6.633308,7.921875
-6.631793,7.956403
-6.630449,7.989192
-6.628902,8.021342
-6.626965,8.053347
-6.624950,8.084433
-6.623117,8.114017
-6.621369,8.142459
-6.619578,8.170218
-6.617821,8.197152
-6.616254,8.222852
-6.614913,8.247266
-6.613759,8.270566
-6.612793,8.292793
-6.612067,8.313785
-6.611619,8.333407
-6.611459,8.351619
-6.611591,8.368392
-6.612028,8.383641
-6.612781,8.397246
-6.613857,8.409089
-6.615259,8.419056
-6.616983,8.427020
-6.619020,8.432845
-6.621354,8.436396
-6.623959,8.437553
-6.626801,8.436224
-6.629832,8.432368
-6.632997,8.426010
-6.636235,8.417247
-6.639485,8.406243
-6.642686,8.393204
-6.645790,8.378346
-6.648754,8.361868
-6.651543,8.343932
-6.654131,8.324667
-6.656497,8.304176
-6.658623,8.282547
-6.660496,8.259853
-6.662105,8.236162
-6.663442,8.211529
-6.664499,8.186006
-6.665273,8.159636
-6.665758,8.132459
-6.665953,8.104511
-6.665856,8.075824
-6.665467,8.046428
-6.664788,8.016350
-6.663820,7.985615
-6.662566,7.954246
-6.661032,7.922264
-6.659693,7.891729
-6.658539,7.863255
-6.657139,7.835620
-6.655274,7.808180
-6.653223,7.781621
-6.651313,7.756667
-6.649527,7.733101
-6.647768,7.710508
-6.646096,7.688913
-6.644683,7.668658
-6.643623,7.649883
-6.642944,7.632550
-6.642676,7.616657
-6.642891,7.602317
-6.643657,7.589671
-6.645033,7.578835
-6.647067,7.569919
-6.649803,7.563045
-6.653282,7.558345
-6.657532,7.555943
-6.662565,7.555933
-6.668374,7.558367
-6.674926,7.563235
-6.682166,7.570458
-6.690020,7.579889
-6.698403,7.591335
-6.707231,7.604591
-6.716429,7.619464
-6.725933,7.635800
-6.735691,7.653476
-6.745660,7.672397
-6.755802,7.692486
-6.766085,7.713673
-6.776479,7.735902
-6.786959,7.759121
-6.797500,7.783287
-6.808082,7.808360
-6.818684,7.834305
-6.829291,7.861089
-6.839886,7.888683
-6.850455,7.917059
-6.860988,7.946190
-6.871473,7.976050
-6.881903,8.006617
-6.892272,8.037864
-6.902575,8.069769
-6.912813,8.102309
-6.922983,8.135460
-6.933091,8.169199
-6.943141,8.203502
-6.952995,8.236462
-6.962403,8.267651
-6.971285,8.298240
-6.979590,8.328785
-6.987448,8.358499
-6.994996,8.386704
-7.002245,8.413703
-7.009184,8.439945
-7.015862,8.465315
-7.022358,8.489406
-7.028709,8.512116
-7.034930,8.533563
-7.041040,8.553776
-7.047067,8.572607
-7.053032,8.589909
-7.058948,8.605604
-7.064822,8.619627
-7.070661,8.631875
-7.076461,8.642215
-7.082216,8.650513
-7.087913,8.656632
-7.093532,8.660439
-7.099045,8.661809
-7.104421,8.660642
-7.109620,8.656885
-7.114605,8.650551
-7.119339,8.641729
-7.123791,8.630580
-7.127938,8.617315
-7.131766,8.602163
-7.135266,8.585340
-7.138433,8.567024
-7.141264,8.547356
-7.143757,8.526446
-7.145913,8.504388
-7.147735,8.481261
-7.149226,8.457135
-7.150391,8.432069
-7.151236,8.406118
-7.151768,8.379326
-7.151994,8.351736
-7.151923,8.323385
-7.151563,8.294308
-7.150924,8.264534
-7.150018,8.234092
-7.148855,8.203008
-7.147447,8.171306
-7.145807,8.139006
-7.143949,8.106131
-7.141889,8.072699
-7.140142,8.040726
-7.138671,8.010726
-7.137019,7.981480
-7.134976,7.952376
-7.132843,7.924177
-7.130925,7.897588
-7.129173,7.872310
-7.127476,7.847875
-7.125900,7.824350
-7.124610,7.802125
-7.123672,7.781316
-7.123085,7.761825
-7.122864,7.743619
-7.123061,7.726833
-7.123723,7.711612
-7.124877,7.698053
-7.126543,7.686238
-7.128737,7.676284
-7.131470,7.668326
-7.134746,7.662505
-7.138555,7.658955
-7.142878,7.657796
-7.147678,7.659117
-7.152905,7.662958
-7.158495,7.669296
-7.164374,7.678034
-7.170463,7.689018
-7.176687,7.702052
-7.182975,7.716932
-7.189264,7.733476
-7.195499,7.751531
-7.201633,7.770980
-7.207623,7.791725
-7.213429,7.813688
-7.219018,7.836797
-7.224356,7.860991
-7.229416,7.886215
-7.234169,7.912419
-7.238589,7.939560
-7.242655,7.967594
-7.246345,7.996483
-7.249640,8.026189
-7.252524,8.056676
-7.254982,8.087910
-7.257003,8.119858
-7.258577,8.152486
-7.259699,8.185763
-7.260365,8.219657
-7.260574,8.254136
-7.260330,8.289171
-7.260197,8.322948
-7.260185,8.354924
-7.259835,8.386143
-7.258900,8.417119
-7.257753,8.447236
-7.256787,8.475897
-7.255945,8.503318
-7.255081,8.529863
-7.254269,8.555482
-7.253725,8.579865
-7.253548,8.602905
-7.253743,8.624659
-7.254331,8.645142
-7.255398,8.664246
-7.257029,8.681847
-7.259287,8.697856
-7.262227,8.712191
-7.265909,8.724746
-7.270396,8.735394
-7.275748,8.744006
-7.282017,8.750455
-7.289241,8.754624
-7.297440,8.756424
-7.306607,8.755812
-7.316703,8.752803
-7.327655,8.747486
-7.339364,8.740011
-7.351716,8.730566
-7.364600,8.719351
-7.377918,8.706546
-7.391592,8.692298
-7.405562,8.676722
-7.419780,8.659912
-7.434209,8.641949
-7.448814,8.622903
-7.463570,8.602837
-7.478453,8.581806
-7.493445,8.559860
-7.508530,8.537042
-7.523696,8.513395
-7.538932,8.488956
-7.554230,8.463759
-7.569582,8.437838
-7.584983,8.411221
-7.600429,8.383939
-7.615918,8.356017
-7.631449,8.327480
-7.647020,8.298354
-7.662633,8.268661
-7.678288,8.238422
-7.693388,8.209680
-7.707765,8.182797
-7.721747,8.156457
-7.735505,8.130034
-7.748800,8.104401
-7.761454,8.080301
-7.773610,8.057384
-7.785466,8.035148
-7.797007,8.013725
-7.808106,7.993572
-7.818743,7.974791
-7.828984,7.957251
-7.838856,7.940918
-7.848301,7.925947
-7.857255,7.912482
-7.865678,7.900599
-7.873535,7.890352
-7.880763,7.881832
-7.887277,7.875150
-7.892985,7.870414
-7.897788,7.867722
-7.901581,7.867161
-7.904259,7.868797
-7.905730,7.872659
-7.905921,7.878720
-7.904797,7.886898
-7.902358,7.897046
-7.898642,7.908974
-7.893710,7.922469
-7.887629,7.937322
-7.880458,7.953350
-7.872241,7.970398
-7.863007,7.988340
-7.852777,8.007071
-7.841567,8.026495
-7.829390,8.046528
-7.816257,8.067094
-7.802176,8.088122
-7.787154,8.109548
-7.771198,8.131311
-7.754314,8.153352
-7.736509,8.175617
-7.717792,8.198054
-7.698171,8.220613
-7.677655,8.243246
-7.656257,8.265908
-7.633988,8.288556
-7.610863,8.311148
-7.586899,8.333644
-7.562113,8.356007
-7.538228,8.377518
-7.515725,8.397983
-7.493553,8.417821
-7.471156,8.437213
-7.449188,8.455988
-7.428337,8.474002
-7.408438,8.491355
-7.389144,8.508183
-7.370526,8.524507
-7.352935,8.540276
-7.336523,8.555487
-7.321271,8.570175
-7.307194,8.584366
-7.294424,8.598053
-7.283112,8.611220
-7.273375,8.623856
-7.265320,8.635950
-7.259074,8.647481
-7.254773,8.658422
-7.252557,8.668741
-7.252551,8.678404
-7.254860,8.687376
-7.259554,8.695629
-7.266644,8.703141
-7.276077,8.709905
-7.287724,8.715932
-7.301403,8.721243
-7.316897,8.725873
-7.333996,8.729854
-7.352515,8.733219
-7.372304,8.735991
-7.393245,8.738188
-7.415242,8.739825
-7.438212,8.740914
-7.462082,8.741463
-7.486789,8.741480
-7.512276,8.740974
-7.538494,8.739948
-7.565398,8.738408
-7.592947,8.736356
-7.621106,8.733797
-7.649840,8.730731
-7.679117,8.727161
-7.708911,8.723087
-7.739193,8.718511
-7.769939,8.713431
-7.801126,8.707847
-7.832732,8.701758
-7.864736,8.695162
-7.897117,8.688057
-7.927919,8.681346
-7.956824,8.675416
-7.985128,8.669831
-8.013463,8.664379
-8.040970,8.659284
-8.066909,8.654763
-8.091628,8.650736
-8.115639,8.647082
-8.138831,8.643837
-8.160750,8.641117
-8.181279,8.638947
-8.200535,8.637303
-8.218544,8.636176
-8.235144,8.635587
-8.250165,8.635552
-8.263503,8.636071
-8.275068,8.637136
-8.284732,8.638737
-8.292344,8.640859
-8.297751,8.643477
-8.300809,8.646557
-8.301393,8.650053
-8.299411,8.653908
-8.294830,8.658051
-8.287688,8.662406
-8.278101,8.666887
-8.266253,8.671413
-8.252363,8.675905
-8.236655,8.680292
-8.219326,8.684511
-8.200536,8.688505
-8.180411,8.692220
-8.159054,8.695608
-8.136555,8.698624
-8.112993,8.701226
-8.088442,8.703376
-8.062967,8.705036
-8.036626,8.706173
-8.009476,8.706753
-7.981571,8.706746
-7.952961,8.706122
-7.923696,8.704856
-7.893821,8.702921
-7.863384,8.700296
-7.832428,8.696959
-7.800999,8.692892
-7.769138,8.688077
-7.736888,8.682499
-7.704290,8.676145
-7.671385,8.669004
-7.639783,8.662127
-7.609769,8.655903
-7.580281,8.649769
-7.550817,8.643405
-7.522018,8.637212
-7.494461,8.631594
-7.467894,8.626435
-7.441937,8.621522
-7.416656,8.616928
-7.392374,8.612893
-7.369182,8.609505
-7.346997,8.606730
-7.325797,8.604574
-7.305697,8.603126
-7.286816,8.602477
-7.269232,8.602684
-7.253006,8.603789
-7.238232,8.605852
-7.225024,8.608938
-7.213502,8.613109
-7.203786,8.618423
-7.195995,8.624929
-7.190238,8.632666
-7.186605,8.641648
-7.185144,8.651863
-7.185853,8.663262
-7.188670,8.675758
-7.193480,8.689233
-7.200132,8.703547
-7.208460,8.718562
-7.218314,8.734147
-7.229566,8.750193
-7.242117,8.766609
-7.255886,8.783320
-7.270807,8.800260
-7.286820,8.817369
-7.303873,8.834594
-7.321921,8.851888
-7.340925,8.869208
-7.360849,8.886513
-7.381660,8.903766
-7.403329,8.920935
-7.425829,8.937985
-7.449135,8.954889
-7.473225,8.971617
-7.498078,8.988142
-7.523673,9.004440
-7.549994,9.020486
-7.577023,9.036257
-7.604744,9.051730
-7.631057,9.066525
-7.655305,9.080848
-7.678708,9.095153
-7.701901,9.109676
-7.724193,9.124098
-7.744872,9.138116
-7.764159,9.151835
-7.782454,9.165441
-7.799701,9.178911
-7.815537,9.192077
-7.829820,9.204865
-7.842581,9.217286
-7.853816,9.229327
-7.863398,9.240906
-7.871185,9.251926
-7.877065,9.262299
-7.880938,9.271937
-7.882693,9.280734
-7.882219,9.288575
-7.879419,9.295341
-7.874229,9.300924
-7.866634,9.305234
-7.856685,9.308215
-7.844503,9.309855
-7.830271,9.310182
-7.814214,9.309257
-7.796564,9.307157
-7.777533,9.303951
-7.757300,9.299692
-7.736006,9.294417
-7.713769,9.288149
-7.690693,9.280908
-7.666868,9.272708
-7.642380,9.263563
-7.617302,9.253486
-7.591704,9.242487
-7.565649,9.230576
-7.539197,9.217763
-7.512403,9.204059
-7.485321,9.189474
-7.457999,9.174021
-7.430482,9.157712
-7.402816,9.140560
-7.375040,9.122578
-7.347193,9.103782
-7.319312,9.084187
-7.291430,9.063808
-7.263580,9.042663
-7.235791,9.020767
-7.208092,8.998138
-7.181368,8.976530
-7.155578,8.956350
-7.130027,8.936567
-7.104428,8.916690
-7.079257,8.897468
-7.054861,8.879498
-7.031014,8.862471
-7.007427,8.845980
-6.984182,8.830181
-6.961532,8.815471
-6.939513,8.801919
-6.918020,8.789382
-6.897033,8.777837
-6.876666,8.767428
-6.857018,8.758274
-6.838132,8.750406
-6.820041,8.743839
-6.802823,8.738629
-6.786581,8.734853
-6.771418,8.732574
-6.757442,8.731851
-6.744769,8.732739
-6.733528,8.735293
-6.723854,8.739561
-6.715877,8.745572
-6.709716,8.753332
-6.705465,8.762815
-6.703177,8.773948
-6.702858,8.786614
-6.704466,8.800657
-6.707915,8.815894
-6.713101,8.832131
-6.719912,8.849185
-6.728251,8.866893
-6.738038,8.885116
-6.749207,8.903736
-6.761703,8.922650
-6.775475,8.941766
-6.790478,8.961002
-6.806669,8.980283
-6.824009,8.999541
-6.842458,9.018714
-6.861983,9.037746
-6.882547,9.056582
-6.904116,9.075176
-6.926659,9.093483
-6.950143,9.111460
-6.974538,9.129070
-6.999812,9.146278
-7.025937,9.163050
-7.050731,9.179155
-7.073430,9.194785
-7.095282,9.210270
-7.116975,9.225784
-7.137867,9.241140
-7.157179,9.256146
-7.175040,9.270865
-7.191793,9.285415
-7.207406,9.299805
-7.221537,9.313955
-7.233994,9.327824
-7.244732,9.341407
-7.253694,9.354693
-7.260735,9.367636
-7.265686,9.380178
-7.268394,9.392258
-7.268719,9.403811
-7.266532,9.414765
-7.261729,9.425049
-7.254261,9.434602
-7.244152,9.443379
-7.231509,9.451358
-7.216516,9.458547
-7.199412,9.464974
-7.180447,9.470677
-7.159852,9.475690
-7.137813,9.480041
-7.114477,9.483742
-7.089962,9.486802
-7.064371,9.489227
-7.037793,9.491021
-7.010310,9.492188
-6.981994,9.492732
-6.952910,9.492656
-6.923118,9.491962
-6.892673,9.490657
-6.861626,9.488743
-6.830026,9.486227
-6.797916,9.483116
-6.765339,9.479416
-6.732333,9.475136
-6.698935,9.470283
-6.665178,9.464868
-6.631095,9.458900
-6.596716,9.452389
-6.562068,9.445346
-6.527176,9.437782
-6.492065,9.429707
-6.456758,9.421133
-6.421273,9.412070
-6.387108,9.403614
-6.354337,9.396071
-6.321927,9.388867
-6.289442,9.381733
-6.257677,9.375097
-6.227167,9.369265
-6.197524,9.364044
-6.168294,9.359217
-6.139678,9.354887
-6.112108,9.351253
-6.085610,9.348316
-6.059976,9.345980
-6.035181,9.344224
-6.011429,9.343104
-5.988860,9.342646
-5.967487,9.342826
-5.947316,9.343617
-5.928437,9.345009
-5.910970,9.346991
-5.895019,9.349542
-5.880674,9.352632
-5.868042,9.356228
-5.857245,9.360288
-5.848416,9.364765
-5.841689,9.369603
-5.837194,9.374734
-5.835054,9.380082
-5.835368,9.385557
-5.838193,9.391063
-5.843532,9.396493
-5.851321,9.401742
-5.861431,9.406706
-5.873684,9.411293
-5.887876,9.415419
-5.903801,9.419013
-5.921275,9.422015
-5.940141,9.424371
-5.960271,9.426034
-5.981551,9.426962
-6.003882,9.427122
-6.027174,9.426484
-6.051345,9.425023
-6.076319,9.422717
-6.102029,9.419548
-6.128408,9.415501
-6.155398,9.410565
-6.182942,9.404730
-6.210986,9.397990
-6.239482,9.390342
-6.268383,9.381783
-6.295855,9.373664
-6.321314,9.366530
-6.345841,9.359617
-6.370050,9.352475
-6.393438,9.345495
-6.415365,9.339231
-6.435929,9.333674
-6.455412,9.328657
-6.473833,9.324221
-6.490969,9.320609
-6.506687,9.317987
-6.520949,9.316439
-6.533713,9.316047
-6.544883,9.316939
-6.554348,9.319252
-6.562004,9.323110
-6.567762,9.328618
-6.571557,9.335857
-6.573363,9.344863
-6.573209,9.355616
-6.571192,9.368032
-6.567462,9.381972
-6.562205,9.397266
-6.555606,9.413743
-6.547826,9.431255
-6.538991,9.449686
-6.529196,9.468948
-6.518515,9.488970
-6.507012,9.509692
-6.494742,9.531061
-6.481753,9.553029
-6.468084,9.575555
-6.453772,9.598605
-6.438850,9.622146
-6.423346,9.646147
-6.407288,9.670584
-6.390700,9.695431
-6.373606,9.720667
-6.356027,9.746272
-6.337984,9.772228
-6.319498,9.798518
-6.300588,9.825128
-6.281272,9.852043
-6.261570,9.879252
-6.241498,9.906742
-6.221076,9.934505
-6.200322,9.962531
-6.179253,9.990812
-6.157887,10.019341
-6.136244,10.048113
-6.115554,10.075860
-6.095892,10.102339
-6.076416,10.128305
-6.056747,10.154075
-6.037526,10.179093
-6.019206,10.202994
-6.001489,10.226072
-5.984035,10.248675
-5.967004,10.270674
-5.950722,10.291769
-5.935206,10.311953
-5.920306,10.331391
-5.906001,10.350112
-5.892423,10.367976
-5.879656,10.384883
-5.867698,10.400830
-5.856545,10.415813
-5.846239,10.429766
-5.836838,10.442594
-5.828389,10.454214
-5.820929,10.464545
-5.814499,10.473494
-5.809150,10.480947
-5.804930,10.486783
-5.801883,10.490875
-5.800044,10.493097
-5.799437,10.493333
-5.800059,10.491490
-5.801882,10.487518
-5.804838,10.481421
-5.808827,10.473266
-5.813724,10.463173
-5.819388,10.451300
-5.825684,10.437814
-5.832494,10.422868
-5.839719,10.406590
-5.847281,10.389079
-5.855116,10.370415
-5.863170,10.350667
-5.871398,10.329895
-5.879760,10.308152
-5.888222,10.285481
-5.896754,10.261922
-5.905330,10.237512
-5.913925,10.212280
-5.922521,10.186256
-5.931097,10.159464
-5.939639,10.131927
-5.948131,10.103667
-5.956560,10.074702
-5.964534,10.047191
-5.971799,10.021816
-5.978446,9.997266
-5.984523,9.972811
-5.990026,9.949119
-5.994984,9.927014
-5.999465,9.906367
-6.003531,9.886811
-6.007233,9.868361
-6.010622,9.851354
-6.013748,9.835976
-6.016656,9.822269
-6.019392,9.810278
-6.021995,9.800141
-6.024507,9.792019
-6.026962,9.786060
-6.029392,9.782400
-6.031824,9.781165
-6.034280,9.782455
-6.036776,9.786321
-6.039321,9.792744
-6.041920,9.801626
-6.044571,9.812793
-6.047272,9.826018
-6.050021,9.841065
-6.052814,9.857716
-6.055652,9.875796
-6.058534,9.895168
-6.061460,9.915727
-6.064427,9.937385
-6.067436,9.960066
-6.070484,9.983705
-6.073568,10.008245
-6.076687,10.033640
-6.079836,10.059848
-6.083013,10.086830
-6.086215,10.114554
-6.089439,10.142990
-6.092681,10.172112
-6.095939,10.201896
-6.099210,10.232320
-6.102493,10.263365
-6.105786,10.295011
-6.109088,10.327242
-6.112399,10.360041
-6.115722,10.393393
-6.119056,10.427283
-6.122407,10.461697
-6.125779,10.496621
-6.129177,10.532040
-6.132560,10.566070
-6.135635,10.598345
-6.138217,10.630025
-6.140204,10.661633
-6.141795,10.692349
-6.143168,10.721546
-6.144293,10.749595
-6.145115,10.776974
-6.145701,10.803529
-6.146166,10.828832
-6.146552,10.852826
-6.146854,10.875688
-6.147089,10.897459
-6.147306,10.917972
-6.147542,10.937088
-6.147819,10.954765
-6.148154,10.970973
-6.148566,10.985625
-6.149076,10.998600
-6.149700,11.009778
-6.150449,11.019043
-6.151331,11.026267
-6.152349,11.031317
-6.153501,11.034061
-6.154778,11.034387
-6.156162,11.032216
-6.157630,11.027526
-6.159149,11.020365
-6.160686,11.010853
-6.162207,10.999173
-6.163679,10.985545
-6.165077,10.970186
-6.166383,10.953289
-6.167582,10.935009
-6.168666,10.915464
-6.169628,10.894754
-6.170463,10.872959
-6.171170,10.850152
-6.171748,10.826393
-6.172197,10.801735
-6.172517,10.776225
-6.172711,10.749903
-6.172780,10.722805
-6.172726,10.694963
-6.172553,10.666405
-6.172264,10.637159
-6.171863,10.607246
-6.171355,10.576687
-6.170744,10.545503
-6.170036,10.513710
-6.169466,10.483402
-6.168905,10.455183
-6.168032,10.427794
-6.166686,10.400574
-6.165080,10.374240
-6.163459,10.349537
-6.161821,10.326227
-6.160107,10.303878
-6.158372,10.282524
-6.156750,10.262524
-6.155316,10.244018
-6.154094,10.226961
-6.153115,10.211341
-6.152433,10.197280
-6.152101,10.184921
-6.152163,10.174379
-6.152651,10.165760
-6.153598,10.159188
-6.155031,10.154795
-6.156965,10.152707
-6.159406,10.153027
-6.162344,10.155814
-6.165754,10.161073
-6.169595,10.168736
-6.173814,10.178664
-6.178353,10.190668
-6.183151,10.204536
-6.188156,10.220064
-6.193322,10.237081
-6.198612,10.255452
-6.203994,10.275073
-6.209439,10.295859
-6.214924,10.317738
-6.220425,10.340648
-6.225923,10.364536
-6.231399,10.389358
-6.236834,10.415073
-6.242212,10.441647
-6.247518,10.469047
-6.252739,10.497246
-6.257859,10.526217
-6.262869,10.555936
-6.267757,10.586380
-6.272515,10.617528
-6.277134,10.649360
-6.281609,10.681853
-6.285936,10.714990
-6.290113,10.748750
-6.294141,10.783114
-6.298022,10.818062
-6.301873,10.851684
-6.305469,10.883481
-6.308541,10.914582
-6.310942,10.945529
-6.312941,10.975595
-6.314802,11.004133
-6.316492,11.031423
-6.317925,11.057890
-6.319175,11.083445
-6.320400,11.107712
-6.321670,11.130591
-6.322988,11.152184
-6.324376,11.172519
-6.325898,11.191465
-6.327615,11.208885
-6.329570,11.224699
-6.331795,11.238839
-6.334331,11.251201
-6.337217,11.261656
-6.340491,11.270070
-6.344182,11.276309
-6.348316,11.280242
-6.352908,11.281751
-6.357962,11.280751
-6.363462,11.277207
-6.369377,11.271158
-6.375656,11.262712
-6.382238,11.252048
-6.389059,11.239380
-6.396057,11.224927
-6.403182,11.208882
-6.410397,11.191401
-6.417674,11.172606
-6.424991,11.152596
-6.432332,11.131453
-6.439686,11.109252
-6.447043,11.086057
-6.454398,11.061922
-6.461744,11.036896
-6.469080,11.011024
-6.476405,10.984344
-6.483718,10.956894
-6.491021,10.928704
-6.498316,10.899806
-6.505606,10.870225
-6.512896,10.839989
-6.520190,10.809120
-6.527495,10.777641
-6.534817,10.745573
-6.542165,10.712935
-6.549339,10.681826
-6.556121,10.652688
-6.562484,10.624189
-6.568430,10.595675
-6.573981,10.568002
-6.579185,10.541936
-6.584091,10.517147
-6.588753,10.493126
-6.593209,10.469976
-6.597480,10.448137
-6.601591,10.427729
-6.605574,10.408636
-6.609455,10.390824
-6.613239,10.374443
-6.616923,10.359644
-6.620505,10.346520
-6.623978,10.335146
-6.627325,10.325630
-6.630517,10.318103
-6.633515,10.312697
-6.636273,10.309534
-6.638740,10.308725
-6.640857,10.310351
-6.642570,10.314448
-6.643828,10.320991
-6.644594,10.329884
-6.644848,10.340967
-6.644583,10.354040
-6.643802,10.368885
-6.642512,10.385300
-6.640715,10.403116
-6.638411,10.422195
-6.635592,10.442429
-6.632253,10.463727
-6.628384,10.486009
-6.623976,10.509206
-6.619021,10.533256
-6.613507,10.558103
-6.607426,10.583699
-6.600765,10.609996
-6.593517,10.636952
-6.585672,10.664526
-6.577221,10.692679
-6.568158,10.721375
-6.558477,10.750579
-6.548174,10.780257
-6.537246,10.810377
-6.525693,10.840906
-6.513517,10.871815
-6.500722,10.903074
-6.488416,10.933181
-6.476805,10.961621
-6.465128,10.989213
-6.452974,11.016354
-6.440873,11.042617
-6.429389,11.067584
-6.418415,11.091419
-6.407704,11.114399
-6.397333,11.136515
-6.387599,11.157570
-6.378637,11.177498
-6.370448,11.196346
-6.363056,11.214132
-6.356579,11.230795
-6.351147,11.246256
-6.346862,11.260455
-6.343816,11.273339
-6.342114,11.284835
-6.341869,11.294859
-6.343195,11.303323
-6.346192,11.310139
-6.350942,11.315234
-6.357494,11.318554
-6.365853,11.320079
-6.375964,11.319836
-6.387715,11.317901
-6.400953,11.314390
-6.415498,11.309438
-6.431182,11.303182
-6.447859,11.295739
-6.465413,11.287203
-6.483755,11.277650
-6.502812,11.267141
-6.522521,11.255729
-6.542827,11.243461
-6.563685,11.230380
-6.585053,11.216520
-6.606894,11.201915
-6.629178,11.186593
-6.651875,11.170582
-6.674959,11.153905
-6.698405,11.136586
-6.722193,11.118644
-6.746303,11.100099
-6.770716,11.080969
-6.795416,11.061269
-6.820386,11.041016
-6.845612,11.020224
-6.871080,10.998906
-6.896777,10.977076
-6.921258,10.956338
-6.944278,10.936986
-6.966761,10.917979
-6.989149,10.898824
-7.010800,10.880195
-7.031198,10.862669
-7.050644,10.845983
-7.069547,10.829761
-7.087828,10.814117
-7.105153,10.799409
-7.121461,10.785718
-7.136875,10.772947
-7.151435,10.761074
-7.165020,10.750219
-7.177506,10.740488
-7.188832,10.731934
-7.198943,10.724594
-7.207749,10.718528
-7.215130,10.713807
-7.220962,10.710498
-7.225122,10.708657
-7.227487,10.708327
-7.227948,10.709533
-7.226421,10.712269
-7.222869,10.716490
-7.217312,10.722107
-7.209830,10.728991
-7.200549,10.736985
-7.189623,10.745922
-7.177206,10.755645
-7.163427,10.766015
-7.148391,10.776917
-7.132173,10.788255
-7.114837,10.799946
-7.096436,10.811916
-7.077014,10.824097
-7.056612,10.836429
-7.035262,10.848853
-7.012996,10.861317
-6.989841,10.873770
-6.965823,10.886164
-6.940966,10.898453
-6.915293,10.910592
-6.888827,10.922540
-6.861591,10.934256
-6.833608,10.945701
-6.804899,10.956837
-6.775488,10.967628
-6.745400,10.978040
-6.714659,10.988040
-6.685102,10.997545
-6.657236,11.006579
-6.629934,11.015202
-6.602611,11.023402
-6.575923,11.031220
-6.550552,11.038728
-6.526304,11.045964
-6.502806,11.052940
-6.480112,11.059694
-6.458562,11.066288
-6.438296,11.072767
-6.419279,11.079155
-6.401513,11.085479
-6.385123,11.091776
-6.370250,11.098083
-6.357005,11.104429
-6.345490,11.110842
-6.335825,11.117350
-6.328146,11.123976
-6.322592,11.130745
-6.319291,11.137673
-6.318353,11.144774
-6.319853,11.152051
-6.323815,11.159497
-6.330194,11.167095
-6.338874,11.174815
-6.349682,11.182619
-6.362410,11.190464
-6.376851,11.198308
-6.392823,11.206117
-6.410179,11.213858
-6.428804,11.221507
-6.448604,11.229040
-6.469500,11.236437
-6.491422,11.243678
-6.514310,11.250744
-6.538113,11.257617
-6.562783,11.264281
-6.588281,11.270718
-6.614568,11.276912
-6.641612,11.282847
-6.669381,11.288507
-6.697848,11.293875
-6.726987,11.298935
-6.756773,11.303671
-6.787184,11.308066
-6.818198,11.312104
-6.849795,11.315768
-6.881955,11.319039
-6.914660,11.321902
-6.945744,11.324530
-6.974741,11.327246
-7.003012,11.330128
-7.031237,11.333203
-7.058559,11.336360
-7.084207,11.339523
-7.108520,11.342735
-7.132006,11.346061
-7.154563,11.349493
-7.175741,11.352979
-7.195412,11.356503
-7.213679,11.360079
-7.230566,11.363707
-7.245916,11.367357
-7.259564,11.370992
-7.271402,11.374582
-7.281338,11.378095
-7.289249,11.381486
-7.294991,11.384702
-7.298428,11.387681
-7.299435,11.390360
-7.297920,11.392671
-7.293836,11.394552
-7.287202,11.395948
-7.278119,11.396820
-7.266758,11.397148
-7.253344,11.396926
-7.238120,11.396160
-7.221309,11.394856
-7.203101,11.393014
-7.183644,11.390630
-7.163057,11.387692
-7.141442,11.384189
-7.118890,11.380106
-7.095479,11.375429
-7.071283,11.370143
-7.046368,11.364232
-7.020793,11.357681
-6.994617,11.350473
-6.967892,11.342595
-6.940671,11.334030
-6.913001,11.324764
-6.884931,11.314785
-6.856506,11.304078
-6.827771,11.292634
-6.798768,11.280440
-6.769540,11.267487
-6.740129,11.253765
-6.710575,11.239268
-6.680917,11.223989
-6.652507,11.209269
-6.625500,11.195555
-6.598957,11.182099
-6.572448,11.168499
-6.546543,11.155262
-6.521729,11.142866
-6.497769,11.131133
-6.474318,11.119774
-6.451439,11.108873
-6.429413,11.098723
-6.408308,11.089412
-6.388039,11.080877
-6.368578,11.073111
-6.350024,11.066222
-6.332481,11.060315
-6.316005,11.055452
-6.300644,11.051679
-6.286473,11.049064
-6.273590,11.047690
-6.262096,11.047637
-6.252095,11.048983
-6.243691,11.051799
-6.236990,11.056150
-6.232083,11.062079
-6.229036,11.069603
-6.227878,11.078696
-6.228589,11.089288
-6.231102,11.101261
-6.235308,11.114466
-6.241078,11.128736
-6.248282,11.143910
-6.256808,11.159845
-6.266565,11.176425
-6.277483,11.193551
-6.289506,11.211139
-6.302586,11.229117
-6.316682,11.247419
-6.331759,11.265984
-6.347785,11.284760
-6.364736,11.303695
-6.382586,11.322744
-6.401316,11.341865
-6.420905,11.361015
-6.441338,11.380158
-6.462598,11.399255
-6.484672,11.418274
-6.507546,11.437179
-6.531209,11.455939
-6.555648,11.474521
-6.580854,11.492896
-6.604790,11.510338
-6.626725,11.526941
-6.647787,11.543363
-6.668580,11.559946
-6.688502,11.576279
-6.706894,11.591948
-6.723939,11.607076
-6.739987,11.621897
-6.754999,11.636388
-6.768654,11.650341
-6.780813,11.663661
-6.791487,11.676353
-6.800660,11.688400
-6.808217,11.699710
-6.814026,11.710173
-6.817975,11.719688
-6.819965,11.728155
-6.819893,11.735464
-6.817660,11.741497
-6.813196,11.746147
-6.806471,11.749329
-6.797513,11.750994
-6.786422,11.751143
-6.773361,11.749825
-6.758538,11.747130
-6.742180,11.743166
-6.724496,11.738036
-6.705663,11.731824
-6.685824,11.724587
-6.665092,11.716366
-6.643568,11.707194
-6.621338,11.697096
-6.598483,11.686096
-6.575074,11.674211
-6.551177,11.661457
-6.526850,11.647848
-6.502152,11.633395
-6.477134,11.618111
-6.451846,11.602008
-6.426335,11.585095
-6.400645,11.567384
-6.374817,11.548885
-6.348891,11.529610
-6.322905,11.509568
-6.296896,11.488772
-6.270896,11.467232
-6.244940,11.444961
-6.219056,11.421969
-6.193276,11.398268
-6.167627,11.373870
-6.142934,11.350513
-6.119099,11.328595
-6.095445,11.307094
-6.071699,11.285528
-6.048337,11.264642
-6.025697,11.245004
-6.003546,11.226284
-5.981602,11.208068
-5.959958,11.190521
-5.938865,11.174038
-5.918351,11.158671
-5.898305,11.144258
-5.878708,11.130773
-5.859674,11.118366
-5.841298,11.107151
-5.823613,11.097150
-5.806643,11.088367
-5.790458,11.080857
-5.775154,11.074697
-5.760825,11.069949
-5.747563,11.066669
-5.735474,11.064912
-5.724676,11.064740
-5.715294,11.066208
-5.707456,11.069362
-5.701283,11.074231
-5.696882,11.080817
-5.694333,11.089087
-5.693672,11.098961
-5.694891,11.110318
-5.697937,11.122997
-5.702721,11.136814
-5.709138,11.151581
-5.717084,11.167122
-5.726472,11.183283
-5.737228,11.199934
-5.749296,11.216964
-5.762626,11.234273
-5.777172,11.251776
-5.792895,11.269392
-5.809756,11.287050
-5.827722,11.304683
-5.846760,11.322231
-5.866839,11.339637
-5.887929,11.356850
-5.910002,11.373819
-5.933028,11.390500
-5.956982,11.406850
-5.981835,11.422829
-6.007561,11.438398
-6.031951,11.453214
-6.054183,11.467423
-6.075504,11.481409
-6.096619,11.495381
-6.116925,11.509136
-6.135641,11.522453
-6.152869,11.535393
-6.168933,11.548075
-6.183810,11.560513
-6.197180,11.572628
-6.208843,11.584378
-6.218731,11.595755
-6.226771,11.606747
-6.232809,11.617314
-6.236676,11.627404
-6.238213,11.636965
-6.237284,11.645944
-6.233777,11.654290
-6.227627,11.661957
-6.218843,11.668918
-6.207519,11.675167
-6.193835,11.680723
-6.178028,11.685622
-6.160357,11.689912
-6.141056,11.693635
-6.120319,11.696824
-6.098293,11.699498
-6.075093,11.701669
-6.050819,11.703344
-6.025558,11.704530
-5.999385,11.705228
-5.972370,11.705442
-5.944573,11.705172
-5.916048,11.704418
-5.886846,11.703181
-5.857014,11.701460
-5.826595,11.699255
-5.795630,11.696566
-5.764155,11.693395
-5.732207,11.689741
-5.699819,11.685606
-5.667021,11.680991
-5.633843,11.675898
-5.600313,11.670329
-5.566457,11.664286
-5.532299,11.657772
-5.497863,11.650788
-5.463170,11.643338
-5.428241,11.635425
-5.393096,11.627051
-5.359280,11.619122
-5.326882,11.611901
-5.294851,11.604923
-5.262746,11.597960
-5.231380,11.591366
-5.201278,11.585385
-5.172036,11.579855
-5.143191,11.574592
-5.114956,11.569689
-5.087764,11.565313
-5.061621,11.561463
-5.036307,11.558054
-5.011796,11.555071
-4.988292,11.552567
-4.965925,11.550566
-4.944694,11.549049
-4.924593,11.547993
-4.905705,11.547395
-4.888144,11.547252
-4.872003,11.547552
-4.857358,11.548275
-4.844304,11.549399
-4.832955,11.550899
-4.823436,11.552745
-4.815873,11.554899
-4.810395,11.557317
-4.807126,11.559947
-4.806178,11.562728
-4.807631,11.565587
-4.811520,11.568448
-4.817819,11.571225
-4.826437,11.573832
-4.837221,11.576189
-4.849983,11.578219
-4.864515,11.579859
-4.880627,11.581051
-4.898152,11.581747
-4.916952,11.581904
-4.936915,11.581484
-4.957942,11.580456
-4.979946,11.578791
-5.002847,11.576465
-5.026575,11.573455
-5.051065,11.569743
-5.076257,11.565313
-5.102097,11.560150
-5.128534,11.554241
-5.155519,11.547576
-5.183008,11.540147
-5.210959,11.531947
-5.237362,11.524099
-5.261533,11.517080
-5.284649,11.510253
-5.307384,11.503234
-5.329217,11.496333
-5.349442,11.490021
-5.368144,11.484306
-5.385608,11.479060
-5.401852,11.474322
-5.416641,11.470297
-5.429821,11.467139
-5.441335,11.464935
-5.451127,11.463768
-5.459089,11.463757
-5.465101,11.465027
-5.469058,11.467691
-5.470881,11.471838
-5.470527,11.477526
-5.468012,11.484768
-5.463421,11.493518
-5.456907,11.503676
-5.448672,11.515103
-5.438929,11.527646
-5.427873,11.541170
-5.415661,11.555564
-5.402412,11.570745
-5.388217,11.586649
-5.373152,11.603221
-5.357283,11.620414
-5.340664,11.638183
-5.323344,11.656492
-5.305363,11.675307
-5.286755,11.694599
-5.267553,11.714340
-5.247786,11.734504
-5.227476,11.755068
-5.206648,11.776011
-5.185321,11.797313
-5.163515,11.818954
-5.141245,11.840918
-5.118529,11.863188
-5.095380,11.885748
-5.071813,11.908585
-5.047842,11.931685
-5.023478,11.955036
-4.998734,11.978625
-4.973622,12.002443
-4.948155,12.026478
-4.922344,12.050722
-4.896200,12.075165
-4.871062,12.098688
-4.846998,12.121033
-4.823084,12.142830
-4.798911,12.164333
-4.775200,12.185086
-4.752448,12.204809
-4.730316,12.223755
-4.708417,12.242211
-4.686943,12.260078
-4.666274,12.277123
-4.646427,12.293357
-4.627224,12.308921
-4.608647,12.323844
-4.590861,12.338019
-4.573977,12.351378
-4.557995,12.363925
-4.542911,12.375669
-4.528790,12.386563
-4.515716,12.396538
-4.503760,12.405535
-4.492980,12.413500
-4.483444,12.420366
-4.475236,12.426051
-4.468442,12.430461
-4.463147,12.433502
-4.459432,12.435073
-4.457370,12.435078
-4.457010,12.433433
-4.458368,12.430079
-4.461417,12.424995
-4.466076,12.418206
-4.472220,12.409787
-4.479688,12.399848
-4.488310,12.388517
-4.497926,12.375921
-4.508398,12.362168
-4.519618,12.347347
-4.531499,12.331525
-4.543968,12.314761
-4.556963,12.297105
-4.570428,12.278600
-4.584316,12.259284
-4.598587,12.239189
-4.613202,12.218344
-4.628129,12.196776
-4.643337,12.174506
-4.658800,12.151555
-4.674494,12.127942
-4.690397,12.103683
-4.706488,12.078791
-4.721588,12.055173
-4.735227,12.033411
-4.748003,12.012307
-4.760253,11.991179
-4.771705,11.970628
-4.782049,11.951427
-4.791385,11.933489
-4.799908,11.916503
-4.807657,11.900494
-4.814540,11.885781
-4.820525,11.872560
-4.825628,11.860895
-4.829863,11.850855
-4.833212,11.842584
-4.835643,11.836247
-4.837131,11.831994
-4.837650,11.829959
-4.837183,11.830254
-4.835721,11.832953
-4.833276,11.838067
-4.829886,11.845531
-4.825616,11.855202
-4.820554,11.866876
-4.814797,11.880322
-4.808434,11.895324
-4.801545,11.911701
-4.794188,11.929311
-4.786412,11.948047
-4.778252,11.967820
-4.769739,11.988554
-4.760899,12.010181
-4.751752,12.032645
-4.742314,12.055896
-4.732599,12.079890
-4.722617,12.104589
-4.712377,12.129957
-4.701883,12.155963
-4.691141,12.182580
-4.680153,12.209781
-4.668922,12.237544
-4.657447,12.265848
-4.645728,12.294673
-4.633766,12.324002
-4.621559,12.353818
-4.609106,12.384106
-4.596406,12.414852
-4.583458,12.446042
-4.570263,12.477664
-4.556820,12.509704
-4.543131,12.542152
-4.529943,12.573341
-4.517145,12.602852
-4.504088,12.631624
-4.490462,12.660063
-4.476803,12.687528
-4.463536,12.713558
-4.450469,12.738474
-4.437341,12.762671
-4.424292,12.786034
-4.411627,12.808243
-4.399406,12.829277
-4.387541,12.849297
-4.376035,12.868347
-4.365018,12.886303
-4.354597,12.903070
-4.344811,12.918634
-4.335689,12.932989
-4.327296,12.946079
-4.319718,12.957818
-4.313031,12.968124
-4.307310,12.976917
-4.302632,12.984106
-4.299080,12.989589
-4.296734,12.993258
-4.295667,12.995011
-4.295938,12.994762
-4.297575,12.992451
-4.300576,12.988065
-4.304892,12.981646
-4.310434,12.973293
-4.317080,12.963155
-4.324696,12.951402
-4.333153,12.938203
-4.342342,12.923705
-4.352177,12.908026
-4.362591,12.891259
-4.373530,12.873481
-4.384948,12.854759
-4.396804,12.835150
-4.409066,12.814704
-4.421701,12.793465
-4.434685,12.771472
-4.447994,12.748759
-4.461607,12.725355
-4.475505,12.701289
-4.489671,12.676585
-4.504090,12.651265
-4.518749,12.625348
-4.533634,12.598854
-4.548736,12.571799
-4.563004,12.546109
-4.576027,12.522269
-4.588325,12.499026
-4.600181,12.475713
-4.611318,12.453018
-4.621460,12.431714
-4.630736,12.411620
-4.639350,12.392351
-4.647328,12.373951
-4.654561,12.356782
-4.661017,12.341015
-4.666732,12.326649
-4.671729,12.313709
-4.675980,12.302329
-4.679444,12.292664
-4.682086,12.284845
-4.683872,12.278994
-4.684760,12.275235
-4.684705,12.273686
-4.683667,12.274437
-4.681621,12.277532
-4.678564,12.282952
-4.674522,12.290605
-4.669551,12.300330
-4.663726,12.311922
-4.657134,12.325158
-4.649855,12.339837
-4.641954,12.355790
-4.633481,12.372887
-4.624474,12.391026
-4.614962,12.410123
-4.604968,12.430102
-4.594511,12.450902
-4.583607,12.472465
-4.572266,12.494745
-4.560497,12.517698
-4.548305,12.541285
-4.535694,12.565473
-4.522667,12.590228
-4.509223,12.615522
-4.495364,12.641328
-4.481086,12.667622
-4.466390,12.694380
-4.451272,12.721579
-4.435731,12.749199
-4.419764,12.777219
-4.403371,12.805622
-4.386551,12.834387
-4.369304,12.863498
-4.351631,12.892937
-4.334597,12.921221
-4.318259,12.947886
-4.301818,12.973734
-4.284879,12.999123
-4.268046,13.023570
-4.251851,13.046691
-4.236100,13.068718
-4.220486,13.089965
-4.205132,13.110383
-4.190379,13.129745
-4.176324,13.148017
-4.162894,13.165304
-4.150089,13.181645
-4.138044,13.196967
-4.126888,13.211199
-4.116691,13.224313
-4.107508,13.236291
-4.099428,13.247085
-4.092555,13.256627
-4.086999,13.264844
-4.082864,13.271663
-4.080257,13.277002
-4.079280,13.280780
-4.080026,13.282920
-4.082559,13.283362
-4.086906,13.282073
-4.093041,13.279062
-4.100880,13.274385
-4.110289,13.268140
-4.121102,13.260456
-4.133146,13.251470
-4.146266,13.241308
-4.160337,13.230075
-4.175259,13.217854
-4.190954,13.204711
-4.207356,13.190703
-4.224407,13.175879
-4.242058,13.160282
-4.260265,13.143948
-4.278990,13.126912
-4.298198,13.109201
-4.317858,13.090842
-4.337941,13.071857
-4.358423,13.052268
-4.379279,13.032094
-4.400489,13.011352
-4.422031,12.990056
-4.443888,12.968223
-4.466042,12.945865
-4.488478,12.922994
-4.509721,12.901236
-4.529366,12.880929
-4.548278,12.860990
-4.566900,12.840862
-4.584713,12.821187
-4.601231,12.802617
-4.616669,12.784953
-4.631367,12.767837
-4.645309,12.751341
-4.658249,12.735814
-4.670115,12.721388
-4.680969,12.708030
-4.690840,12.695744
-4.699652,12.684649
-4.707313,12.674878
-4.713755,12.666532
-4.718916,12.659696
-4.722716,12.654471
-4.725062,12.650958
-4.725867,12.649251
-4.725052,12.649416
-4.722568,12.651485
-4.718402,12.655439
-4.712590,12.661199
-4.705218,12.668633
-4.696411,12.677569
-4.686312,12.687820
-4.675056,12.699213
-4.662757,12.711599
-4.649503,12.724861
-4.635360,12.738906
-4.620379,12.753656
-4.604604,12.769043
-4.588073,12.785006
-4.570813,12.801492
-4.552851,12.818452
-4.534205,12.835843
-4.514893,12.853624
-4.494929,12.871758
-4.474323,12.890208
-4.453087,12.908942
-4.431227,12.927928
-4.408751,12.947136
-4.385666,12.966535
-4.361978,12.986098
-4.337691,13.005798
-4.312812,13.025608
-4.287347,13.045503
-4.261302,13.065458
-4.234685,13.085449
-4.209049,13.104575
-4.184706,13.122518
-4.160636,13.139734
-4.136328,13.156416
-4.112464,13.172345
-4.089683,13.187351
-4.067759,13.201563
-4.046319,13.215146
-4.025465,13.228109
-4.005567,13.240370
-3.986744,13.251929
-3.968925,13.262841
-3.952103,13.273139
-3.936417,13.282808
-3.922010,13.291829
-3.908972,13.300199
-3.897380,13.307915
-3.887340,13.314962
-3.878981,13.321318
-3.872435,13.326954
-3.867835,13.331841
-3.865308,13.335946
-3.864973,13.339237
-3.866920,13.341685
-3.871197,13.343270
-3.877794,13.343988
-3.886626,13.343851
-3.897548,13.342893
-3.910362,13.341158
-3.924860,13.338701
-3.940844,13.335570
-3.958150,13.331808
-3.976649,13.327449
-3.996237,13.322519
-4.016827,13.317040
-4.038343,13.311028
-4.060720,13.304498
-4.083899,13.297462
-4.107828,13.289930
-4.132460,13.281908
-4.157753,13.273403
-4.183668,13.264420
-4.210168,13.254961
-4.237220,13.245028
-4.264793,13.234624
-4.292856,13.223748
-4.321381,13.212401
-4.350342,13.200582
-4.379714,13.188288
-4.409471,13.175520
-4.437632,13.163256
-4.463784,13.151776
-4.489193,13.140471
-4.514499,13.129028
-4.538919,13.117790
-4.561727,13.107117
-4.583223,13.096903
-4.603885,13.086957
-4.623648,13.077332
-4.642121,13.068235
-4.659179,13.059743
-4.674906,13.051839
-4.689326,13.044530
-4.702308,13.037890
-4.713707,13.031996
-4.723417,13.026902
-4.731346,13.022655
-4.737376,13.019307
-4.741375,13.016911
-4.743218,13.015511
-4.742797,13.015138
-4.740044,13.015798
-4.734944,13.017474
-4.727552,13.020111
-4.717993,13.023627
-4.706452,13.027916
-4.693139,13.032864
-4.678258,13.038365
-4.661982,13.044324
-4.644447,13.050667
-4.625757,13.057331
-4.605995,13.064261
-4.585231,13.071410
-4.563528,13.078733
-4.540936,13.086187
-4.517501,13.093736
-4.493262,13.101343
-4.468253,13.108972
-4.442505,13.116591
-4.416047,13.124166
-4.388903,13.131668
-4.361097,13.139063
-4.332652,13.146324
-4.303587,13.153420
-4.273923,13.160323
-4.243678,13.167005
-4.212873,13.173437
-4.181524,13.179594
-4.149651,13.185448
-4.117273,13.190974
-4.086169,13.196115
-4.056740,13.200857
-4.027865,13.205208
-3.998994,13.209133
-3.970831,13.212690
-3.944022,13.215969
-3.918302,13.218988
-3.893261,13.221742
-3.868985,13.224271
-3.845845,13.226644
-3.823945,13.228902
-3.803195,13.231062
-3.783572,13.233143
-3.765210,13.235184
-3.748244,13.237223
-3.732754,13.239289
-3.718810,13.241407
-3.706510,13.243602
-3.695979,13.245905
-3.687346,13.248341
-3.680740,13.250935
-3.676289,13.253708
-3.674114,13.256679
-3.674316,13.259856
-3.676953,13.263244
-3.682031,13.266831
-3.689485,13.270595
-3.699186,13.274501
-3.710950,13.278507
-3.724571,13.282568
-3.739851,13.286639
-3.756620,13.290684
-3.774740,13.294672
-3.794105,13.298575
-3.814625,13.302369
-3.836223,13.306032
-3.858833,13.309543
-3.882396,13.312879
-3.906859,13.316022
-3.932179,13.318951
-3.958311,13.321647
-3.985219,13.324089
-4.012868,13.326259
-4.041223,13.328136
-4.070256,13.329701
-4.099937,13.330935
-4.130239,13.331817
-4.161134,13.332327
-4.192599,13.332446
-4.224608,13.332153
-4.254945,13.331636
-4.283072,13.331145
-4.310379,13.330681
-4.337588,13.330231
-4.363888,13.329754
-4.388470,13.329243
-4.411617,13.328723
-4.433816,13.328218
-4.455006,13.327739
-4.474765,13.327293
-4.492937,13.326892
-4.509574,13.326547
-4.524679,13.326268
-4.538104,13.326060
-4.549680,13.325925
-4.559274,13.325864
-4.566765,13.325875
-4.572016,13.325951
-4.574884,13.326082
-4.575247,13.326252
-4.573018,13.326440
-4.568173,13.326625
-4.560763,13.326780
-4.550926,13.326882
-4.538866,13.326908
-4.524829,13.326837
-4.509059,13.326653
-4.491766,13.326340
-4.473116,13.325882
-4.453238,13.325261
-4.432235,13.324459
-4.410195,13.323458
-4.387196,13.322240
-4.363306,13.320785
-4.338584,13.319073
-4.313083,13.317084
-4.286852,13.314799
-4.259936,13.312195
-4.232375,13.309252
-4.204208,13.305950
-4.175471,13.302266
-4.146198,13.298181
-4.116423,13.293672
-4.086178,13.288720
-4.055493,13.283302
-4.024399,13.277400
-3.992927,13.270992
-3.961105,13.264059
-3.928963,13.256582
-3.896531,13.248542
-3.865449,13.240650
-3.835995,13.233140
-3.807103,13.225607
-3.778278,13.217818
-3.750205,13.210082
-3.723448,13.202692
-3.697711,13.195545
-3.672585,13.188471
-3.648168,13.181542
-3.624809,13.174955
-3.602575,13.168768
-3.581344,13.162938
-3.561082,13.157467
-3.541914,13.152434
-3.523958,13.147914
-3.507266,13.143947
-3.491876,13.140561
-3.477866,13.137804
-3.465340,13.135734
-3.454405,13.134408
-3.445167,13.133879
-3.437740,13.134202
-3.432239,13.135429
-3.428775,13.137605
-3.427445,13.140762
-3.428311,13.144914
-3.431393,13.150045
-3.436651,13.156107
-3.443989,13.163023
-3.453263,13.170687
-3.464303,13.178984
-3.476940,13.187801
-3.491026,13.197040
-3.506441,13.206616
-3.523091,13.216461
-3.540900,13.226515
-3.559802,13.236725
-3.579741,13.247042
-3.600668,13.257422
-3.622541,13.267822
-3.645322,13.278204
-3.668979,13.288531
-3.693479,13.298766
-3.718796,13.308876
-3.744905,13.318826
-3.771780,13.328584
-3.799400,13.338117
-3.827743,13.347395
-3.856788,13.356386
-3.886517,13.365058
-3.914725,13.373046
-3.940709,13.380496
-3.965773,13.387795
-3.990626,13.395141
-4.014583,13.402289
-4.036870,13.408998
-4.057682,13.415348
-4.077423,13.421477
-4.096062,13.427385
-4.113239,13.432972
-4.128779,13.438197
-4.142676,13.443065
-4.154900,13.447574
-4.165307,13.451686
-4.173734,13.455352
-4.180034,13.458528
-4.184072,13.461169
-4.185719,13.463226
-4.184862,13.464652
-4.181433,13.465407
-4.175430,13.465466
-4.166935,13.464828
-4.156111,13.463512
-4.143187,13.461560
-4.128416,13.459021
-4.112036,13.455944
-4.094245,13.452365
-4.075197,13.448309
-4.055010,13.443790
-4.033785,13.438815
-4.011607,13.433388
-3.988556,13.427510
-3.964697,13.421178
-3.940093,13.414388
-3.914796,13.407132
-3.888860,13.399404
-3.862330,13.391194
-3.835251,13.382493
-3.807664,13.373289
-3.779610,13.363573
-3.751125,13.353332
-3.722247,13.342556
-3.693010,13.331233
-3.663450,13.319351
-3.633599,13.306900
-3.603491,13.293867
-3.573157,13.280242
-3.542630,13.266015
-3.511942,13.251174
-3.481122,13.235711
-3.451583,13.220731
-3.423445,13.206537
-3.395743,13.192495
-3.368062,13.178280
-3.341066,13.164369
-3.315233,13.151142
-3.290247,13.138393
-3.265717,13.125855
-3.241770,13.113642
-3.218741,13.102028
-3.196664,13.091055
-3.175385,13.080622
-3.154871,13.070715
-3.135258,13.061446
-3.116653,13.052905
-3.099079,13.045111
-3.082550,13.038077
-3.067131,13.031849
-3.052916,13.026491
-3.039992,13.022057
-3.028444,13.018598
-3.018368,13.016167
-3.009872,13.014819
-3.003070,13.014613
-2.998076,13.015597
-2.994995,13.017810
-2.993916,13.021274
-2.994893,13.025983
-2.997939,13.031895
-3.003010,13.038933
-3.010014,13.046982
-3.018819,13.055909
-3.029279,13.065570
-3.041248,13.075830
-3.054607,13.086572
-3.069256,13.097698
-3.085116,13.109126
-3.102125,13.120784
-3.120226,13.132609
-3.139369,13.144541
-3.159514,13.156527
-3.180621,13.168518
-3.202658,13.180468
-3.225594,13.192333
-3.249400,13.204071
-3.274049,13.215644
-3.299519,13.227013
-3.325784,13.238143
-3.352822,13.248997
-3.380613,13.259542
-3.406938,13.269321
-3.430991,13.278416
-3.454037,13.287253
-3.476801,13.296060
-3.498677,13.304608
-3.518891,13.312642
-3.537558,13.320225
-3.555013,13.327485
-3.571246,13.334434
-3.585936,13.340983
-3.598892,13.347085
-3.610050,13.352734
-3.619342,13.357919
-3.626619,13.362601
-3.631714,13.366733
-3.634472,13.370270
-3.634762,13.373168
-3.632482,13.375389
-3.627583,13.376906
-3.620094,13.377711
-3.610133,13.377820
-3.597899,13.377272
-3.583643,13.376121
-3.567620,13.374425
-3.550060,13.372236
-3.531139,13.369589
-3.510994,13.366508
-3.489734,13.363007
-3.467449,13.359096
-3.444223,13.354781
-3.420126,13.350063
-3.395221,13.344941
-3.369564,13.339414
-3.343206,13.333477
-3.316194,13.327123
-3.288572,13.320347
-3.260380,13.313140
-3.231656,13.305495
-3.202436,13.297403
-3.172755,13.288855
-3.142644,13.279841
-3.112136,13.270352
-3.081262,13.260379
-3.050049,13.249913
-3.018528,13.238944
-2.986727,13.227463
-2.954672,13.215460
-2.922390,13.202928
-2.889909,13.189857
-2.857254,13.176240
-2.825893,13.163046
-2.795924,13.150508
-2.766356,13.138070
-2.736778,13.125454
-2.707920,13.113103
-2.680265,13.101337
-2.653442,13.089953
-2.627030,13.078712
-2.601204,13.067738
-2.576342,13.057280
-2.552450,13.047356
-2.529333,13.037856
-2.506962,13.028771
-2.485505,13.020210
-2.465074,13.012240
-2.445669,13.004862
-2.427284,12.998072
-2.409990,12.991904
-2.393887,12.986405
-2.379055,12.981611
-2.365568,12.977545
-2.353513,12.974240
-2.342996,12.971728
-2.334132,12.970047
-2.327042,12.969227
-2.321845,12.969297
-2.318661,12.970278
-2.317594,12.972178
-2.318720,12.974986
-2.322074,12.978668
-2.327635,12.983161
-2.335325,12.988374
-2.345014,12.994197
-2.356544,13.000510
-2.369746,13.007194
-2.384468,13.014144
-2.400584,13.021269
-2.417992,13.028493
-2.436608,13.035750
-2.456360,13.042982
-2.477185,13.050137
-2.499027,13.057166
-2.521834,13.064026
-2.545562,13.070676
-2.570170,13.077078
-2.595617,13.083196
-2.621869,13.088997
-2.648891,13.094449
-2.676651,13.099520
-2.705117,13.104182
-2.731990,13.108364
-2.756418,13.112210
-2.779727,13.115868
-2.802693,13.119409
-2.824728,13.122761
-2.845008,13.125863
-2.863600,13.128752
-2.880813,13.131480
-2.896644,13.134071
-2.910788,13.136527
-2.923035,13.138859
-2.933287,13.141084
-2.941445,13.143216
-2.947353,13.145267
-2.950841,13.147243
-2.951763,13.149153
-2.950009,13.151000
-2.945529,13.152788
-2.938353,13.154520
-2.928606,13.156197
-2.916499,13.157822
-2.902296,13.159396
-2.886264,13.160923
-2.868638,13.162402
-2.849598,13.163835
-2.829280,13.165219
-2.807792,13.166548
-2.785225,13.167815
-2.761657,13.169013
-2.737157,13.170132
-2.711786,13.171160
-2.685593,13.172088
-2.658627,13.172901
-2.630929,13.173589
-2.602537,13.174137
-2.573486,13.174532
-2.543809,13.174760
-2.513534,13.174807
-2.482691,13.174658
-2.451304,13.174299
-2.419399,13.173717
-2.386998,13.172895
-2.354125,13.171820
-2.320801,13.170478
-2.287046,13.168854
-2.252881,13.166934
-2.218326,13.164704
-2.183400,13.162151
-2.148122,13.159261
-2.112510,13.156022
-2.078247,13.152777
-2.045493,13.149582
-2.013161,13.146216
-1.980795,13.142548
-1.949232,13.138787
-1.919001,13.135093
-1.889674,13.131388
-1.860782,13.127575
-1.832546,13.123730
-1.805397,13.119983
-1.779330,13.116350
-1.754108,13.112786
-1.729707,13.109297
-1.706326,13.105944
-1.684089,13.102765
-1.662975,13.099761
-1.642970,13.096934
-1.624150,13.094303
-1.606622,13.091891
-1.590465,13.089714
-1.575744,13.087779
-1.562544,13.086099
-1.550970,13.084683
-1.541137,13.083543
-1.533164,13.082686
-1.527173,13.082114
-1.523289,13.081829
-1.521626,13.081825
-1.522280,13.082087
-1.525305,13.082591
-1.530705,13.083301
-1.538418,13.084170
-1.548322,13.085141
-1.560245,13.086153
-1.573989,13.087146
-1.589365,13.088062
-1.606204,13.088855
-1.624369,13.089482
-1.643749,13.089908
-1.664252,13.090103
-1.685798,13.090036
-1.708314,13.089684
-1.731739,13.089021
-1.756015,13.088025
-1.781092,13.086674
-1.806921,13.084949
-1.833461,13.082831
-1.860670,13.080300
-1.888512,13.077341
-1.916950,13.073935
-1.943702,13.070463
-1.967940,13.067160
-1.990988,13.063843
-2.013628,13.060396
-2.035282,13.056896
-2.055129,13.053494
-2.073234,13.050217
-2.089897,13.047046
-2.105124,13.044009
-2.118627,13.041189
-2.130208,13.038655
-2.139768,13.036454
-2.147214,13.034632
-2.152400,13.033244
-2.155170,13.032346
-2.155394,13.031986
-2.152985,13.032201
-2.147916,13.033009
-2.140243,13.034408
-2.130115,13.036368
-2.117756,13.038844
-2.103427,13.041776
-2.087386,13.045108
-2.069847,13.048791
-2.050976,13.052787
-2.030899,13.057068
-2.009714,13.061605
-1.987508,13.066375
-1.964355,13.071353
-1.940316,13.076516
-1.915447,13.081843
-1.889793,13.087313
-1.863396,13.092903
-1.836294,13.098593
-1.808518,13.104362
-1.780097,13.110191
-1.751058,13.116059
-1.721425,13.121946
-1.691219,13.127831
-1.660459,13.133696
-1.629163,13.139519
-1.597349,13.145283
-1.565032,13.150966
-1.532226,13.156550
-1.498946,13.162016
-1.465205,13.167345
-1.431016,13.172518
-1.396392,13.177517
-1.361346,13.182324
-1.325891,13.186921
-1.291737,13.191182
-1.259058,13.195012
-1.226749,13.198421
-1.194343,13.201379
-1.162699,13.203935
-1.132371,13.206156
-1.102930,13.208053
-1.073898,13.209629
-1.045508,13.210927
-1.018207,13.212004
-0.991993,13.212886
-0.966630,13.213579
-0.942094,13.214101
-0.918591,13.214488
-0.896249,13.214764
